"PsgID";"flightID";"firstName";"lastName";"pwd";"gender";"DOB";"passport";"age";"creditCardInfo";"cellPhone"
7000;1838;"Jacob";"Ramsey";"70JacRam00";"M";"1981-01-13";"81363368";42;8119;"3363302370"
7001;1855;"Kristina";"Ali";"70KriAli01";"F";"1974-08-28";"50567622";49;6030;"5056463970"
7002;1046;"Emily";"Harper";"70EmiHar02";"F";"1958-09-19";"69992062";65;3175;"2195733848"
7003;1200;"Breanna";"Hernandez";"70BreHer03";"F";"1995-11-09";"78468874";28;9796;"5056462211"
7004;1397;"Wendy";"Kelly";"70WenKel04";"F";"1960-03-11";"54884281";63;7606;"3049872388"
7005;1258;"Kenneth";"Moore";"70KenMoo05";"M";"1967-01-18";"54757590";56;3317;"2037128256"
7006;1594;"James";"Snyder";"70JamSny06";"M";"1975-02-28";"68318528";48;3606;"7204411718"
7007;1568;"Sherry";"Williams";"70SheWil07";"F";"1995-10-26";"76833294";28;1306;"2405401241"
7008;1522;"Amanda";"Jones";"70AmaJon08";"F";"1953-07-17";"18339330";70;6459;"5053956597"
7009;1890;"Brian";"Johnson";"70BriJoh09";"M";"1971-03-16";"48997633";52;1356;"2106568661"
7010;1742;"Brandy";"Salinas";"70BraSal10";"F";"1987-04-05";"62378648";36;3788;"5056468363"
7011;1768;"Erik";"Harris";"70EriHar11";"M";"1973-11-16";"62107097";50;2215;"5056440559"
7012;1146;"Julia";"Walker";"70JulWal12";"F";"1975-12-26";"12288077";48;9827;"5057639275"
7013;1032;"Sara";"Christensen";"70SarChr13";"F";"1980-11-01";"80754501";43;3176;"5053731102"
7014;1856;"Jerry";"Mckenzie";"70JerMck14";"M";"1954-03-08";"97427294";69;6833;"5056463663"
7015;1339;"Joseph";"Lewis";"70JosLew15";"M";"2010-02-21";"60559851";13;5652;"5056466096"
7016;1429;"Angela";"Pacheco";"70AngPac16";"F";"1966-07-26";"20599611";57;9536;"2726030848"
7017;1039;"John";"Banks";"70JohBan17";"M";"1983-02-11";"46856058";40;7941;"3255198677"
7018;1542;"Carlos";"Ferrell";"70CarFer18";"M";"2016-06-22";"84163350";7;2770;"5056463282"
7019;1202;"Jennifer";"Garcia";"70JenGar19";"F";"1980-03-23";"18483901";43;4014;"5056442327"
7020;1942;"Ashley";"Jimenez";"70AshJim20";"F";"1958-04-17";"22582970";65;5924;"6318553928"
7021;1913;"Tiffany";"Davidson";"70TifDav21";"F";"2008-10-06";"75709196";15;5547;"2058258187"
7022;1451;"Billy";"Jackson";"70BilJac22";"M";"1964-02-15";"70159208";59;2860;"2396778415"
7023;1958;"Cassandra";"Walton";"70CasWal23";"F";"1962-10-24";"90727475";61;5007;"5052502790"
7024;1591;"Jeffrey";"Brown";"70JefBro24";"M";"1970-11-03";"26091158";53;3690;"5056463050"
7025;1750;"Robert";"Randolph";"70RobRan25";"M";"2009-03-09";"59879098";14;2920;"5072564614"
7026;1360;"Larry";"Summers";"70LarSum26";"M";"1990-06-11";"24349882";33;2000;"2079076401"
7027;1161;"Nathaniel";"Pittman";"70NatPit27";"M";"1963-08-06";"82299627";60;1441;"5057252534"
7028;1416;"Joseph";"Lewis";"70JosLew28";"M";"1999-10-23";"70425456";24;3703;"5053031886"
7029;1972;"Danielle";"Morgan";"70DanMor29";"F";"2015-01-18";"50675341";8;2726;"3037811028"
7030;1209;"Candace";"Rodriguez";"70CanRod30";"F";"1954-07-21";"11658291";69;4452;"5056469752"
7031;1655;"Natasha";"Wilson";"70NatWil31";"F";"1985-08-07";"72669430";38;2102;"5056914576"
7032;1001;"Edward";"Gomez";"70EdwGom32";"M";"1951-02-27";"55791262";72;5749;"3076781510"
7033;1142;"Anthony";"Lucas";"70AntLuc33";"M";"2004-06-19";"83431894";19;3327;"5208432753"
7034;1338;"Roger";"Delacruz";"70RogDel34";"M";"1972-06-21";"43958944";51;4284;"5053364481"
7035;1847;"Timothy";"Zimmerman";"70TimZim35";"M";"1968-07-28";"89310610";55;2008;"2068526455"
7036;1714;"Nicole";"Davis";"70NicDav36";"F";"1999-02-06";"33570392";24;7124;"4078925523"
7037;1627;"Hannah";"Johnson";"70HanJoh37";"F";"1954-08-25";"28717831";69;9276;"5054928818"
7038;1769;"Levi";"Davis";"70LevDav38";"M";"1991-10-27";"55116452";32;5499;"4047751835"
7039;1921;"Rachel";"Chavez";"70RacCha39";"F";"2009-08-20";"59766788";14;5094;"5059373574"
7040;1849;"Michael";"Navarro";"70MicNav40";"M";"2016-07-23";"99231265";7;3000;"8188624167"
7041;1350;"John";"Wilson";"70JohWil41";"M";"1955-05-03";"54827038";68;3740;"5056441680"
7042;1846;"Thomas";"Stokes";"70ThoSto42";"M";"1979-08-01";"47861535";44;5259;"5056444775"
7043;1810;"Erica";"Duncan";"70EriDun43";"F";"1997-01-05";"32820922";26;6529;"2149653836"
7044;1291;"Brian";"Doyle";"70BriDoy44";"M";"1982-08-14";"41318378";41;4081;"5056465575"
7045;1134;"Richard";"Brewer";"70RicBre45";"M";"2010-03-05";"70473123";13;7170;"3018108392"
7046;1194;"Melanie";"Andersen";"70MelAnd46";"F";"1962-02-10";"31919716";61;8152;"5052046096"
7047;1805;"Kathy";"Harmon";"70KatHar47";"F";"1984-03-01";"65334834";39;6537;"2196640181"
7048;1530;"Derek";"May";"70DerMay48";"M";"1966-02-27";"46008789";57;5900;"5056089219"
7049;1144;"Kara";"Garcia";"70KarGar49";"F";"1951-02-09";"91604632";72;5509;"3234611064"
7050;1276;"Samuel";"Garcia";"70SamGar50";"M";"2012-12-04";"98407113";11;1759;"3105240748"
7051;1296;"Ryan";"Davis";"70RyaDav51";"M";"1967-09-03";"98626632";56;1001;"2257315051"
7052;1778;"Brandon";"Blankenship";"70BraBla52";"M";"1956-11-24";"90328921";67;1574;"5058295562"
7053;1299;"Lisa";"Turner";"70LisTur53";"F";"1991-03-10";"39113322";32;9005;"2149826055"
7054;1444;"Jessica";"Rodriguez";"70JesRod54";"F";"1961-02-18";"16863770";62;5860;"4029792226"
7055;1012;"Laura";"Thompson";"70LauTho55";"F";"1991-05-18";"45709388";32;8054;"5056441226"
7056;1488;"Adrian";"Mejia";"70AdrMej56";"M";"1998-07-10";"96768931";25;3769;"3042420625"
7057;1834;"Melissa";"Williams";"70MelWil57";"F";"1965-02-08";"81068627";58;9977;"5056444968"
7058;1646;"Christopher";"Vazquez";"70ChrVaz58";"M";"1964-05-06";"57250332";59;2293;"2179856288"
7059;1852;"Kimberly";"Sullivan";"70KimSul59";"F";"1995-09-05";"51862038";28;5858;"3126147389"
7060;1723;"Kristin";"Torres";"70KriTor60";"F";"1959-10-22";"70103316";64;3113;"2538922392"
7061;1216;"John";"Martinez";"70JohMar61";"M";"2000-08-10";"15265886";23;8180;"5056463153"
7062;1735;"Melissa";"Smith";"70MelSmi62";"F";"2006-01-17";"88618753";17;7542;"5056331500"
7063;1386;"Douglas";"Fields";"70DouFie63";"M";"1961-05-19";"12985851";62;7053;"5059244231"
7064;1817;"Michael";"Collins";"70MicCol64";"M";"1995-10-09";"66349732";28;9260;"5052719410"
7065;1355;"Joshua";"Rojas";"70JosRoj65";"M";"1963-10-04";"68573811";60;9995;"2487209962"
7066;1374;"Norma";"Pollard";"70NorPol66";"F";"1957-12-18";"61028924";66;6439;"5059399589"
7067;1788;"Lori";"Rasmussen";"70LorRas67";"F";"2017-04-21";"88925727";6;6680;"5056449576"
7068;1054;"Ethan";"Tate";"70EthTat68";"M";"1975-05-06";"62941052";48;3070;"4025197211"
7069;1739;"Martha";"Davis";"70MarDav69";"F";"1958-08-05";"80169306";65;4800;"5057310648"
7070;1057;"Joel";"Crawford";"70JoeCra70";"M";"1957-01-16";"13901058";66;3014;"3092359785"
7071;1218;"Chad";"Hebert";"70ChaHeb71";"M";"1969-04-08";"78495489";54;7793;"3082560460"
7072;1159;"Raymond";"Barnes";"70RayBar72";"M";"1998-07-18";"57656737";25;8179;"6093921344"
7073;1614;"Maria";"Taylor";"70MarTay73";"F";"1993-05-12";"28741295";30;5989;"2153073110"
7074;1642;"Kayla";"Lane";"70KayLan74";"F";"1963-05-03";"19579570";60;8260;"3139821863"
7075;1658;"Victor";"Clayton";"70VicCla75";"M";"1995-07-13";"39238135";28;1421;"5052154920"
7076;1266;"Nancy";"Jones";"70NanJon76";"F";"1999-09-08";"29600077";24;1859;"2256743466"
7077;1542;"Karla";"Nunez";"70KarNun77";"F";"1987-11-15";"84680249";36;8403;"5056462921"
7078;1908;"Daniel";"Rangel";"70DanRan78";"M";"1975-03-10";"84039068";48;2086;"5053251475"
7079;1561;"Karen";"Bruce";"70KarBru79";"F";"1993-08-25";"74109485";30;2945;"2144248985"
7080;1177;"Amanda";"Tucker";"70AmaTuc80";"F";"1961-08-13";"33079610";62;9979;"5055842366"
7081;1539;"Christopher";"Stark";"70ChrSta81";"M";"1954-01-12";"81588359";69;2933;"2039647181"
7082;1014;"Michael";"Burton";"70MicBur82";"M";"1966-12-08";"60445827";57;4257;"5056444733"
7083;1620;"Lawrence";"Foster";"70LawFos83";"M";"1978-01-12";"16010284";45;1467;"5056449996"
7084;1487;"Richard";"Pierce";"70RicPie84";"M";"1993-03-26";"78436810";30;8715;"5055502547"
7085;1165;"Renee";"Hopkins";"70RenHop85";"F";"2005-06-28";"33312472";18;3397;"2408743901"
7086;1367;"Lisa";"Orozco";"70LisOro86";"F";"1951-06-16";"27436436";72;9922;"9785395148"
7087;1595;"Michael";"Mendez";"70MicMen87";"M";"2010-06-25";"15228379";13;7888;"2155725957"
7088;1137;"Shannon";"Fernandez";"70ShaFer88";"M";"1960-05-16";"57559087";63;6127;"5058767320"
7089;1445;"John";"Woodard";"70JohWoo89";"M";"1980-03-01";"73797280";43;5958;"2108602755"
7090;1539;"Brandy";"Clements";"70BraCle90";"F";"1970-04-05";"12676663";53;5966;"2295812359"
7091;1128;"Angel";"Dudley";"70AngDud91";"F";"1973-03-25";"76797931";50;6572;"5594592328"
7092;1769;"Margaret";"Avila";"70MarAvi92";"F";"1964-01-01";"88013930";59;7749;"5058787332"
7093;1067;"Joshua";"Chambers";"70JosCha93";"M";"1977-03-05";"98531875";46;6766;"5056461474"
7094;1636;"Nancy";"Gardner";"70NanGar94";"F";"2000-06-17";"69475265";23;5396;"3507058267"
7095;1075;"Lauren";"Martin";"70LauMar95";"F";"2002-06-17";"68955521";21;1388;"5052786291"
7096;1761;"Lisa";"Stephenson";"70LisSte96";"F";"1984-09-16";"21340303";39;5476;"4056689500"
7097;1927;"Brandi";"Marshall";"70BraMar97";"F";"1960-06-20";"10891330";63;7106;"3468398752"
7098;1516;"Erica";"Arnold";"70EriArn98";"F";"2011-10-28";"15032012";12;1520;"5058304446"
7099;1627;"Elizabeth";"Holmes";"70EliHol99";"F";"1954-01-28";"17806142";69;6214;"5056444389"
7100;1562;"Judy";"Aguilar";"71JudAgu00";"F";"1989-08-25";"87434406";34;9230;"2159850287"
7101;1341;"Susan";"Rodriguez";"71SusRod01";"F";"2015-07-11";"24554645";8;5717;"5056232401"
7102;1284;"Mckenzie";"Hill";"71MckHil02";"F";"1968-04-22";"11863180";55;2583;"2197538437"
7103;1551;"Lisa";"Stevens";"71LisSte03";"F";"1954-01-01";"56662820";69;8917;"5053974113"
7104;1213;"Christopher";"Odonnell";"71ChrOdo04";"M";"2017-07-15";"75312208";6;4057;"2036475368"
7105;1488;"Stephen";"Manning";"71SteMan05";"M";"1993-11-05";"68312897";30;9736;"5056444668"
7106;1402;"Justin";"Mcgrath";"71JusMcg06";"M";"2012-06-16";"45769084";11;6784;"5054930831"
7107;1801;"Kimberly";"Wagner";"71KimWag07";"F";"1983-07-28";"29714561";40;9979;"4122232812"
7108;1522;"Kayla";"Myers";"71KayMye08";"F";"1963-02-24";"69583935";60;1915;"3308764935"
7109;1343;"Bradley";"Mccoy";"71BraMcc09";"M";"1967-06-19";"36173562";56;9746;"5056447132"
7110;1109;"Jaclyn";"Smith";"71JacSmi10";"F";"1969-01-26";"65622503";54;4868;"2122708661"
7111;1714;"Tara";"Caldwell";"71TarCal11";"F";"1967-10-24";"63232754";56;6856;"7197307413"
7112;1058;"Amy";"Waters";"71AmyWat12";"F";"1996-05-28";"41345647";27;1480;"3314939803"
7113;1965;"Stephanie";"Thomas";"71SteTho13";"F";"2000-04-14";"48631268";23;4017;"2095886140"
7114;1154;"Lisa";"Miller";"71LisMil14";"F";"1950-01-05";"69545298";73;7922;"5056521512"
7115;1006;"Andrea";"Maynard";"71AndMay15";"F";"1959-04-12";"65763528";64;2296;"2196905067"
7116;1045;"Peter";"Cruz";"71PetCru16";"M";"1994-10-15";"87080800";29;4937;"3192052394"
7117;1242;"Dillon";"Johnson";"71DilJoh17";"M";"1982-10-25";"13912305";41;8677;"2545942601"
7118;1064;"Shawn";"Harvey";"71ShaHar18";"M";"1981-12-23";"90847374";42;8702;"5056946413"
7119;1392;"Jessica";"Williams";"71JesWil19";"F";"1966-03-28";"39015685";57;6273;"5056790165"
7120;1060;"Jasmin";"Fitzpatrick";"71JasFit20";"F";"1979-09-14";"68869493";44;5950;"3252819951"
7121;1585;"April";"Smith";"71AprSmi21";"F";"1953-11-06";"70956028";70;7884;"4055133077"
7122;1024;"Ray";"Anderson";"71RayAnd22";"M";"2004-04-04";"96146389";19;9495;"5053730664"
7123;1532;"Maria";"Nichols";"71MarNic23";"F";"1996-10-14";"42299103";27;5318;"5163471897"
7124;1123;"Michael";"Perez";"71MicPer24";"M";"1972-12-05";"19028646";51;5691;"3148121614"
7125;1725;"Jeremy";"Davis";"71JerDav25";"M";"1998-03-18";"16048820";25;5106;"5056446358"
7126;1327;"Daniel";"Miles";"71DanMil26";"M";"2004-02-10";"49865058";19;8110;"5056743592"
7127;1568;"Latoya";"Peterson";"71LatPet27";"F";"2014-06-21";"34505017";9;4988;"3328870231"
7128;1456;"Eugene";"Simpson";"71EugSim28";"M";"1956-05-05";"53616517";67;3127;"4232637718"
7129;1239;"Michael";"Stevenson";"71MicSte29";"M";"1958-07-24";"66970514";65;9177;"5098736735"
7130;1813;"Justin";"Booth";"71JusBoo30";"M";"2001-12-10";"58045077";22;2164;"5056799868"
7131;1074;"Douglas";"Hebert";"71DouHeb31";"M";"1962-07-13";"97453626";61;7028;"2086751589"
7132;1459;"Joshua";"Welch";"71JosWel32";"M";"1973-07-28";"81261581";50;9384;"2196050084"
7133;1111;"Suzanne";"Palmer";"71SuzPal33";"F";"1963-04-24";"46747967";60;4239;"5056887370"
7134;1828;"Richard";"Scott";"71RicSco34";"M";"2007-07-22";"53637187";16;7262;"2296415543"
7135;1252;"Wyatt";"Cooper";"71WyaCoo35";"M";"1971-12-12";"89223821";52;3543;"2158127633"
7136;1878;"Stephanie";"Gill";"71SteGil36";"F";"1983-08-15";"98138152";40;8847;"5152863172"
7137;1838;"Robert";"Griffin";"71RobGri37";"M";"2000-03-07";"31571518";23;8304;"2167845602"
7138;1894;"Samuel";"Robinson";"71SamRob38";"M";"1989-04-20";"98312172";34;7542;"3024316812"
7139;1658;"Tammy";"Soto";"71TamSot39";"F";"1951-05-06";"84006867";72;7947;"4108427652"
7140;1246;"Misty";"Rodriguez";"71MisRod40";"F";"1954-03-09";"43625424";69;9497;"5056145691"
7141;1362;"Katherine";"Daniels";"71KatDan41";"F";"1989-05-09";"79467680";34;9480;"3105735724"
7142;1523;"Jesse";"Ray";"71JesRay42";"M";"1951-09-04";"96367693";72;3744;"5059374632"
7143;1702;"Crystal";"Martin";"71CryMar43";"F";"1984-05-01";"33842754";39;7939;"2087900684"
7144;1992;"John";"Phillips";"71JohPhi44";"M";"1958-02-15";"89256023";65;2182;"5056524265"
7145;1043;"Nicholas";"Zavala";"71NicZav45";"M";"2012-07-07";"16109373";11;2498;"2054575526"
7146;1992;"Laura";"Hill";"71LauHil46";"F";"1985-04-01";"54694579";38;3040;"2313416777"
7147;1176;"James";"Singh";"71JamSin47";"M";"1956-06-02";"56616999";67;7101;"5056862749"
7148;1680;"Nicole";"Davenport";"71NicDav48";"F";"1975-12-03";"81505000";48;7197;"5058258432"
7149;1014;"Joe";"Mckinney";"71JoeMck49";"M";"1954-11-10";"15707041";69;8537;"4136457123"
7150;1542;"Brooke";"Shelton";"71BroShe50";"F";"1989-12-10";"42927659";34;6336;"5054040260"
7151;1060;"Tammy";"Roberts";"71TamRob51";"F";"1988-01-15";"41411191";35;2113;"5054838415"
7152;1365;"Johnny";"Mitchell";"71JohMit52";"M";"2001-02-02";"56680235";22;6068;"2488807818"
7153;1609;"Michael";"Knight";"71MicKni53";"M";"1971-06-16";"23783748";52;9486;"2109984883"
7154;1953;"Jonathan";"Dunn";"71JonDun54";"M";"1976-01-18";"85748707";47;6864;"5058518044"
7155;1037;"Samantha";"Weaver";"71SamWea55";"F";"2012-09-14";"13843640";11;3481;"4077290329"
7156;1680;"Wanda";"Porter";"71WanPor56";"F";"1997-12-16";"30572324";26;9710;"2178701731"
7157;1570;"Jeremy";"Rodriguez";"71JerRod57";"M";"1981-08-09";"37680084";42;9347;"5056464101"
7158;1632;"William";"Harris";"71WilHar58";"M";"1991-06-18";"57027159";32;1032;"5056461109"
7159;1508;"Richard";"Gregory";"71RicGre59";"M";"1976-03-05";"96753053";47;7638;"2237883093"
7160;1793;"Amy";"Chavez";"71AmyCha60";"F";"1954-08-25";"25065005";69;7711;"2158394979"
7161;1545;"Shelby";"Wheeler";"71SheWhe61";"F";"1966-10-06";"43451851";57;2469;"4142368749"
7162;1179;"Jaclyn";"Duke";"71JacDuk62";"F";"1987-08-10";"23733481";36;4379;"3269272077"
7163;1659;"Brittany";"Stewart";"71BriSte63";"F";"2008-02-12";"91706034";15;5081;"4012304826"
7164;1956;"Evan";"Ruiz";"71EvaRui64";"M";"1987-05-26";"42700506";36;6795;"5056238843"
7165;1333;"Harry";"Harris";"71HarHar65";"M";"1990-10-16";"65466078";33;6147;"5056440804"
7166;1392;"Robert";"Baker";"71RobBak66";"M";"1994-03-09";"67674628";29;5441;"5056442474"
7167;1050;"Michele";"Chavez";"71MicCha67";"F";"1983-11-06";"25663150";40;5825;"3476382111"
7168;1928;"Christina";"Lowe";"71ChrLow68";"F";"1989-06-06";"25404552";34;5900;"5056447795"
7169;1673;"Emily";"Williams";"71EmiWil69";"F";"1992-03-15";"49843861";31;4009;"2036560284"
7170;1247;"Matthew";"Hart";"71MatHar70";"M";"1968-10-04";"32937817";55;3361;"3176329522"
7171;1124;"John";"Walker";"71JohWal71";"M";"1955-03-21";"70272880";68;3305;"4149789846"
7172;1132;"Brian";"Miller";"71BriMil72";"M";"1950-08-08";"65764562";73;9219;"5056467961"
7173;1051;"Pam";"Flores";"71PamFlo73";"F";"1950-07-21";"36387720";73;9684;"5056282575"
7174;1439;"Ashley";"Green";"71AshGre74";"F";"1988-11-01";"26786730";35;6235;"4099631584"
7175;1880;"Bradley";"Sawyer";"71BraSaw75";"M";"1988-07-18";"79731311";35;4764;"2076061952"
7176;1800;"Michael";"Palmer";"71MicPal76";"M";"1999-03-06";"69523551";24;4297;"2294808488"
7177;1265;"Alyssa";"Wilcox";"71AlyWil77";"F";"1998-03-28";"41915061";25;7956;"4348728437"
7178;1902;"Ricky";"White";"71RicWhi78";"M";"1991-10-09";"23257705";32;1727;"2402851135"
7179;1520;"Courtney";"Baxter";"71CouBax79";"F";"1996-03-17";"33787555";27;3238;"5056464332"
7180;1950;"Victoria";"Castillo";"71VicCas80";"F";"1993-08-12";"20088205";30;4037;"5057128485"
7181;1915;"Justin";"Shannon";"71JusSha81";"M";"2006-02-18";"94048724";17;7468;"5055475834"
7182;1060;"Vicki";"Krause";"71VicKra82";"F";"1959-01-05";"55805001";64;3803;"5056440420"
7183;1924;"Nicholas";"Jones";"71NicJon83";"M";"1993-10-28";"74646304";30;2975;"5205409518"
7184;1945;"Leslie";"Brown";"71LesBro84";"F";"1963-04-04";"86587185";60;4247;"5056466340"
7185;1156;"Michael";"Garcia";"71MicGar85";"M";"1955-05-08";"32486593";68;1964;"5056446697"
7186;1345;"Gregory";"Allen";"71GreAll86";"M";"1973-05-22";"97149162";50;2186;"5052645645"
7187;1451;"Renee";"Davis";"71RenDav87";"F";"1999-04-28";"20446127";24;3308;"5056934477"
7188;1004;"Kara";"Snow";"71KarSno88";"F";"1997-03-06";"72396069";26;8163;"5056948831"
7189;1899;"Christine";"Kerr";"71ChrKer89";"F";"1961-12-12";"54597133";62;9352;"5056463485"
7190;1713;"Jasmine";"Walsh";"71JasWal90";"F";"1963-05-09";"77663921";60;5691;"2068971975"
7191;1773;"Patrick";"Burch";"71PatBur91";"M";"2009-09-24";"70994522";14;9965;"5056440914"
7192;2000;"Leslie";"Taylor";"71LesTay92";"F";"1974-08-16";"11363822";49;4951;"5056440550"
7193;1500;"Nicole";"Villarreal";"71NicVil93";"F";"1976-04-04";"31113968";47;4148;"2036617385"
7194;1083;"Shannon";"Whitehead";"71ShaWhi94";"F";"1966-06-01";"86357219";57;5304;"5056950323"
7195;1017;"Debbie";"Chavez";"71DebCha95";"F";"1998-01-23";"18642468";25;2887;"3236627532"
7196;1125;"Mark";"Martin";"71MarMar96";"M";"1953-07-06";"51801944";70;4847;"5054243560"
7197;1376;"Kevin";"Peterson";"71KevPet97";"M";"2013-01-01";"46677328";10;2405;"2098306471"
7198;1432;"Rodney";"Martin";"71RodMar98";"M";"2017-12-26";"21601330";6;7171;"5056469211"
7199;1047;"Heather";"Rodriguez";"71HeaRod99";"F";"2005-12-20";"97509082";18;3036;"5056465605"
7200;1818;"Reginald";"Doyle";"72RegDoy00";"M";"1958-03-02";"67223271";65;4828;"3262073340"
7201;1465;"Charles";"Taylor";"72ChaTay01";"M";"1988-10-25";"21046014";35;7466;"3414542302"
7202;1682;"Kevin";"Mccoy";"72KevMcc02";"M";"1986-11-01";"72101420";37;7328;"5056463635"
7203;1929;"Chad";"Simpson";"72ChaSim03";"M";"1999-04-23";"60789455";24;3452;"5056128802"
7204;1017;"Erica";"Gordon";"72EriGor04";"F";"1984-01-27";"81628885";39;6829;"4238390227"
7205;1616;"Kathleen";"Brown";"72KatBro05";"F";"1952-01-03";"96828720";71;4269;"2139817488"
7206;1315;"Kyle";"Smith";"72KylSmi06";"M";"1950-05-28";"69453997";73;7363;"2316189874"
7207;1427;"Lori";"Spencer";"72LorSpe07";"F";"1954-06-23";"59580303";69;2308;"3018104220"
7208;1807;"Heather";"Bell";"72HeaBel08";"F";"1999-11-01";"13274204";24;8935;"5058731698"
7209;1247;"Daniel";"Sanders";"72DanSan09";"M";"1953-08-26";"62042807";70;6964;"2134811760"
7210;1242;"Ronald";"Schneider";"72RonSch10";"M";"2006-01-16";"72284129";17;2731;"5056461402"
7211;1922;"Danielle";"Alvarez";"72DanAlv11";"F";"2014-08-26";"58995019";9;6891;"2409812941"
7212;1335;"Jason";"Carter";"72JasCar12";"M";"1999-08-05";"93981819";24;5335;"6183695566"
7213;1370;"Kelly";"Johnson";"72KelJoh13";"M";"1956-09-01";"69217977";67;7871;"2015544283"
7214;1688;"Amanda";"Arroyo";"72AmaArr14";"F";"1986-10-01";"79731227";37;6945;"3036922588"
7215;1458;"Kathryn";"Russell";"72KatRus15";"F";"1958-06-17";"94014471";65;3336;"5057563574"
7216;1221;"Gina";"Thompson";"72GinTho16";"F";"1974-09-21";"71696652";49;5902;"5056464103"
7217;1852;"Jermaine";"Williams";"72JerWil17";"M";"1995-12-10";"54237336";28;2909;"5056749617"
7218;1599;"Samantha";"Hernandez";"72SamHer18";"F";"2009-10-14";"49896070";14;3357;"3029871835"
7219;1017;"Aaron";"Conner";"72AarCon19";"M";"1965-08-05";"14205792";58;9247;"5056819905"
7220;1271;"David";"Freeman";"72DavFre20";"M";"2008-04-02";"49023706";15;5398;"2024844451"
7221;1303;"Christina";"Jones";"72ChrJon21";"F";"1971-11-09";"99557846";52;9610;"5056466159"
7222;1203;"Maurice";"Villegas";"72MauVil22";"M";"1982-06-22";"82380700";41;6625;"2286038177"
7223;1632;"Heather";"Dunn";"72HeaDun23";"F";"1958-10-23";"45367784";65;4953;"5052842093"
7224;1222;"Thomas";"Torres";"72ThoTor24";"M";"2010-03-01";"77680071";13;7873;"3208562950"
7225;1768;"Mary";"Farley";"72MarFar25";"F";"1965-05-14";"25966773";58;3727;"5055973284"
7226;1756;"Dawn";"Casey";"72DawCas26";"F";"1950-07-01";"24980811";73;4437;"6108709751"
7227;1190;"Shelly";"Anderson";"72SheAnd27";"F";"2000-08-28";"41224896";23;8352;"2074788469"
7228;1489;"Emily";"Lindsey";"72EmiLin28";"F";"2007-05-23";"11516905";16;9365;"5056463480"
7229;1817;"Michelle";"Knight";"72MicKni29";"F";"1997-12-14";"36738104";26;6300;"5057213464"
7230;1806;"Shelby";"Jackson";"72SheJac30";"F";"1991-06-25";"32085309";32;2039;"5056468434"
7231;1098;"Christopher";"Kelly";"72ChrKel31";"M";"1962-11-11";"62351473";61;4645;"5058597308"
7232;1074;"George";"Lambert";"72GeoLam32";"M";"1987-12-17";"92639074";36;8043;"5056465172"
7233;1968;"Shannon";"Martinez";"72ShaMar33";"F";"1988-04-15";"65322995";35;8283;"4303715228"
7234;1690;"Kelly";"Bartlett";"72KelBar34";"F";"2008-12-27";"31568455";15;6500;"2259892546"
7235;1703;"Barbara";"Hartman";"72BarHar35";"F";"1956-01-12";"67832115";67;4357;"2027041574"
7236;1509;"Cynthia";"Rodriguez";"72CynRod36";"F";"1998-12-23";"14980867";25;6845;"3212179800"
7237;1977;"Joseph";"Clark";"72JosCla37";"M";"1961-07-06";"72005228";62;4319;"5056445110"
7238;1531;"Ryan";"Dominguez";"72RyaDom38";"M";"1991-01-20";"55062738";32;5330;"4144962146"
7239;1537;"Paul";"Fernandez";"72PauFer39";"M";"1973-03-26";"60232953";50;6974;"5056537788"
7240;1309;"Rodney";"Garcia";"72RodGar40";"M";"1971-05-24";"58146339";52;5329;"5056448305"
7241;1752;"Brittany";"Vega";"72BriVeg41";"F";"1987-12-01";"37388810";36;9052;"2199509786"
7242;1860;"James";"Andrade";"72JamAnd42";"M";"2002-12-08";"73877007";21;5661;"2016056086"
7243;1845;"Emily";"Kim";"72EmiKim43";"F";"1965-11-28";"18521915";58;2869;"5056448788"
7244;1785;"Aaron";"Rojas";"72AarRoj44";"M";"1999-05-03";"85481904";24;9958;"5056462322"
7245;1851;"Cheryl";"King";"72CheKin45";"F";"1990-12-14";"15289791";33;9093;"5056467795"
7246;1617;"Becky";"Cunningham";"72BecCun46";"F";"1957-04-19";"55267707";66;1993;"3149362700"
7247;1100;"Cody";"Vaughan";"72CodVau47";"M";"1958-08-27";"57666427";65;7527;"2763880430"
7248;1055;"Laura";"Scott";"72LauSco48";"F";"1991-12-25";"33549044";32;5951;"2104947439"
7249;1852;"Rebecca";"Brown";"72RebBro49";"F";"2013-03-20";"85491947";10;9479;"5056043651"
7250;1837;"Jennifer";"Martin";"72JenMar50";"F";"1985-07-03";"95026603";38;4814;"6143376396"
7251;1584;"Christina";"Gallagher";"72ChrGal51";"F";"1976-12-09";"90773470";47;2034;"3164015538"
7252;1912;"Erica";"Fletcher";"72EriFle52";"F";"1987-05-23";"12610522";36;8047;"4046876097"
7253;1337;"Samantha";"Mccullough";"72SamMcc53";"F";"2016-11-23";"12249851";7;9257;"2124361794"
7254;1222;"Jessica";"Short";"72JesSho54";"F";"2012-01-27";"80944880";11;5264;"5056446465"
7255;1268;"Justin";"Owens";"72JusOwe55";"M";"1956-11-13";"17553291";67;3448;"5052003557"
7256;1464;"Leslie";"Davis";"72LesDav56";"F";"1980-07-08";"82176077";43;4835;"5053669264"
7257;1872;"Sarah";"Becker";"72SarBec57";"F";"1969-02-15";"67296387";54;1294;"2258135242"
7258;1716;"Andrew";"Campos";"72AndCam58";"M";"1997-11-06";"60195637";26;6132;"5056461036"
7259;1244;"Shannon";"Fowler";"72ShaFow59";"F";"1976-03-16";"40885679";47;2398;"2319593814"
7260;1589;"Matthew";"Butler";"72MatBut60";"M";"2007-09-04";"33583005";16;2095;"3265381877"
7261;1343;"Carol";"Johnson";"72CarJoh61";"F";"1972-12-04";"88499775";51;3179;"3156942835"
7262;1015;"Sean";"Jones";"72SeaJon62";"M";"1985-05-08";"57781383";38;4438;"2295590952"
7263;1937;"Brenda";"Hernandez";"72BreHer63";"F";"1991-07-16";"89276824";32;8181;"7178179349"
7264;1522;"Crystal";"Peterson";"72CryPet64";"F";"1979-12-19";"61563078";44;1889;"3524686642"
7265;1883;"Sara";"Castillo";"72SarCas65";"F";"1974-02-20";"22594884";49;2255;"3176789612"
7266;1053;"Jennifer";"Perez";"72JenPer66";"F";"1973-04-17";"17559515";50;4860;"2819222412"
7267;1011;"Bryan";"Warren";"72BryWar67";"M";"2017-02-14";"99152887";6;1380;"5056976083"
7268;1028;"Marie";"Moore";"72MarMoo68";"F";"1956-06-23";"66251740";67;6715;"3262473803"
7269;1408;"Elizabeth";"Bishop";"72EliBis69";"F";"1993-02-03";"62988915";30;5805;"5056468458"
7270;1620;"Douglas";"Friedman";"72DouFri70";"M";"2001-01-20";"68774164";22;5979;"2139182425"
7271;1829;"Sierra";"Lewis";"72SieLew71";"F";"2016-11-19";"94963112";7;5431;"2168050167"
7272;1992;"Carol";"Norman";"72CarNor72";"F";"1959-02-23";"63646948";64;9912;"5056827115"
7273;1536;"Angela";"Hines";"72AngHin73";"F";"1984-02-08";"24881284";39;6239;"6176688273"
7274;1374;"James";"Delacruz";"72JamDel74";"M";"1957-11-11";"13926437";66;2197;"5053169481"
7275;1848;"David";"Sellers";"72DavSel75";"M";"1988-07-20";"32291866";35;3820;"5056443808"
7276;1134;"John";"Drake";"72JohDra76";"M";"2014-04-19";"63314519";9;3358;"2175510498"
7277;1892;"Jamie";"Morgan";"72JamMor77";"F";"1981-04-11";"33336095";42;2021;"5056705896"
7278;1896;"Allison";"Miller";"72AllMil78";"F";"1984-10-04";"21464881";39;5964;"5056613477"
7279;1809;"Renee";"Merritt";"72RenMer79";"F";"1981-10-21";"96663552";42;7399;"5056461858"
7280;1252;"Samuel";"Brown";"72SamBro80";"M";"1974-09-24";"78857191";49;5632;"3256963920"
7281;1924;"Matthew";"Carter";"72MatCar81";"M";"1996-07-03";"94554750";27;7795;"5056756067"
7282;1443;"Debra";"Nguyen";"72DebNgu82";"F";"1991-06-24";"39191400";32;3851;"5056167649"
7283;1930;"Melissa";"Fitzgerald";"72MelFit83";"F";"1998-04-09";"84443448";25;2810;"5056643171"
7284;1040;"William";"Murphy";"72WilMur84";"M";"1991-08-19";"84140886";32;4102;"4355305505"
7285;1304;"Kyle";"Collins";"72KylCol85";"M";"1991-09-27";"43223749";32;4073;"5058653135"
7286;1154;"Kimberly";"Gomez";"72KimGom86";"F";"2004-11-10";"44567606";19;5901;"3035178074"
7287;1464;"Gary";"Armstrong";"72GarArm87";"M";"1969-03-01";"28164069";54;6406;"2125936797"
7288;1538;"Bonnie";"Glenn";"72BonGle88";"F";"1962-01-06";"87149183";61;3983;"5056444297"
7289;1386;"Kristen";"Brown";"72KriBro89";"F";"1987-01-03";"72195200";36;6560;"2147115242"
7290;1879;"Rebecca";"Joseph";"72RebJos90";"F";"1957-05-07";"62711526";66;7780;"6037316637"
7291;1740;"Jason";"Gray";"72JasGra91";"M";"1981-09-08";"14883922";42;2530;"5056445320"
7292;1859;"Anthony";"Powers";"72AntPow92";"M";"1997-11-13";"91827570";26;3489;"4144939496"
7293;1143;"Robert";"Sandoval";"72RobSan93";"M";"1986-02-09";"59185877";37;9814;"2285482737"
7294;1560;"Jose";"Walker";"72JosWal94";"M";"2009-12-12";"88922275";14;7926;"5055056315"
7295;1779;"Vincent";"Davis";"72VinDav95";"M";"2017-08-20";"27588271";6;2918;"3217128970"
7296;1152;"Jonathan";"Good";"72JonGoo96";"M";"1959-07-02";"37434559";64;2733;"2085168262"
7297;1830;"Richard";"Mcbride";"72RicMcb97";"M";"1972-02-06";"24849322";51;4172;"5053887216"
7298;1867;"Brian";"Brennan";"72BriBre98";"M";"1998-08-23";"49231699";25;5098;"5059369355"
7299;1978;"John";"Thompson";"72JohTho99";"M";"1986-11-03";"76675668";37;9993;"3075771343"
7300;1175;"Steven";"Sanchez";"73SteSan00";"M";"1955-05-09";"15941430";68;5399;"3033343740"
7301;1004;"Danielle";"Roman";"73DanRom01";"F";"2007-09-08";"57550572";16;3233;"4195237791"
7302;1302;"Thomas";"Tucker";"73ThoTuc02";"M";"1974-09-19";"42789216";49;4252;"5056464620"
7303;1700;"Susan";"Barber";"73SusBar03";"F";"1981-05-26";"18641741";42;2377;"5175091988"
7304;1298;"Kim";"Lopez";"73KimLop04";"F";"1966-12-08";"99770786";57;4017;"3124716271"
7305;1670;"Megan";"Jones";"73MegJon05";"F";"1950-03-27";"59524661";73;3020;"5174757924"
7306;1337;"Kenneth";"Boyd";"73KenBoy06";"M";"2009-01-09";"23190360";14;2083;"2029925006"
7307;1967;"Shannon";"Montoya";"73ShaMon07";"M";"1999-03-21";"79509597";24;3691;"3136052353"
7308;1884;"Elizabeth";"Wilson";"73EliWil08";"F";"2003-03-01";"78565070";20;1067;"2343941365"
7309;1127;"James";"Williams";"73JamWil09";"M";"2001-11-13";"43227229";22;2490;"7163134201"
7310;1822;"Kyle";"Anderson";"73KylAnd10";"M";"2003-04-20";"19449833";20;7152;"2089801922"
7311;1397;"Judith";"Cook";"73JudCoo11";"F";"2010-07-20";"88030693";13;7938;"5056115073"
7312;1476;"Melvin";"Chavez";"73MelCha12";"M";"1972-01-21";"31507411";51;2525;"5055657781"
7313;1462;"Veronica";"Cook";"73VerCoo13";"F";"1984-02-20";"17353533";39;2483;"2057718828"
7314;1170;"Timothy";"Baker";"73TimBak14";"M";"1971-04-01";"40008499";52;9612;"9094008630"
7315;1772;"Michele";"Johnson";"73MicJoh15";"F";"2001-07-18";"86879378";22;7315;"3025137463"
7316;1519;"Dawn";"Atkins";"73DawAtk16";"F";"2013-09-12";"33635165";10;8187;"5054048769"
7317;1229;"Jonathan";"Serrano";"73JonSer17";"M";"1951-04-23";"90071318";72;9719;"3036605784"
7318;1942;"Robert";"Salas";"73RobSal18";"M";"1973-10-25";"17138435";50;3811;"3197983027"
7319;1230;"Jessica";"Santos";"73JesSan19";"F";"1989-02-11";"94364069";34;9131;"2292282313"
7320;1727;"Emily";"White";"73EmiWhi20";"F";"1995-02-05";"32810972";28;1773;"2077218909"
7321;1693;"Jonathan";"Jackson";"73JonJac21";"M";"2015-08-07";"77755754";8;7211;"2402147592"
7322;1175;"Allison";"Brown";"73AllBro22";"F";"1972-05-23";"88846143";51;3942;"3203727136"
7323;1466;"Barbara";"Flores";"73BarFlo23";"F";"1981-05-07";"59974591";42;3956;"5125676143"
7324;1873;"Jared";"Wright";"73JarWri24";"M";"1978-09-21";"61611123";45;6670;"5052198532"
7325;1206;"Tyler";"Higgins";"73TylHig25";"M";"2013-07-15";"32027739";10;8072;"5054308704"
7326;1960;"Michael";"Perry";"73MicPer26";"M";"2000-08-06";"77360927";23;2060;"5052472452"
7327;1609;"Kari";"Pham";"73KarPha27";"F";"1951-05-11";"23402023";72;8668;"3094437042"
7328;1116;"Ryan";"Paul";"73RyaPau28";"M";"1989-11-14";"17597254";34;4529;"5056444619"
7329;1358;"Lisa";"Boone";"73LisBoo29";"F";"1963-09-27";"91335583";60;5808;"5056464865"
7330;1939;"Michele";"Johnson";"73MicJoh30";"F";"2012-03-18";"22123772";11;4235;"2034596404"
7331;1163;"Mary";"Arnold";"73MarArn31";"F";"1985-08-20";"84704251";38;1925;"5404948722"
7332;1501;"Justin";"King";"73JusKin32";"M";"2015-08-13";"82601153";8;7388;"5055235996"
7333;1408;"Christian";"Perez";"73ChrPer33";"M";"2001-09-15";"99121675";22;4340;"2035807529"
7334;1472;"Ryan";"Graham";"73RyaGra34";"M";"2017-10-15";"65407251";6;7310;"3377189256"
7335;1141;"Sonya";"Yang";"73SonYan35";"F";"1995-12-01";"42376117";28;3939;"5056442677"
7336;1609;"Leslie";"Deleon";"73LesDel36";"F";"2005-05-27";"74265842";18;5343;"2037519423"
7337;1826;"Jeremiah";"Wong";"73JerWon37";"M";"1969-09-23";"75141410";54;3149;"5052828465"
7338;1028;"Vernon";"Cook";"73VerCoo38";"M";"1964-12-25";"76859544";59;4506;"3018808874"
7339;1914;"Christina";"Hall";"73ChrHal39";"F";"2009-02-13";"76588263";14;5550;"4198921724"
7340;1641;"Kelly";"Bradford";"73KelBra40";"F";"1975-03-10";"32153422";48;4350;"5056385678"
7341;1016;"Jacob";"Johnson";"73JacJoh41";"M";"1960-07-12";"55707093";63;2138;"7089968758"
7342;1138;"Janet";"Schroeder";"73JanSch42";"F";"1984-02-09";"51784342";39;3573;"3304897535"
7343;1258;"Richard";"Ingram";"73RicIng43";"M";"2017-09-27";"23184743";6;5495;"2253998230"
7344;1663;"Shannon";"Washington";"73ShaWas44";"M";"2015-07-23";"18324822";8;1485;"2138869591"
7345;1253;"Benjamin";"Chan";"73BenCha45";"M";"1994-07-07";"33712545";29;4690;"5054464420"
7346;1852;"Kristopher";"Boyd";"73KriBoy46";"M";"1979-06-28";"50802360";44;9690;"2057817820"
7347;1746;"Ronnie";"Jones";"73RonJon47";"M";"1986-05-10";"29257716";37;2417;"5053598473"
7348;1220;"Ronald";"Ward";"73RonWar48";"M";"2010-12-09";"71542456";13;4481;"3464594520"
7349;1010;"Allison";"Atkinson";"73AllAtk49";"F";"1994-09-18";"18158317";29;8528;"3072048831"
7350;1088;"Samuel";"Roberts";"73SamRob50";"M";"1989-11-27";"35261030";34;4277;"2062480864"
7351;1393;"Nicole";"Garcia";"73NicGar51";"F";"1969-04-08";"35861321";54;5508;"5056463689"
7352;1556;"Andrew";"Knight";"73AndKni52";"M";"1998-09-11";"64740306";25;2892;"5056447389"
7353;1499;"Emily";"Dean";"73EmiDea53";"F";"1956-04-17";"60657840";67;7714;"4192842944"
7354;1412;"David";"Perez";"73DavPer54";"M";"2012-12-16";"21972999";11;3161;"5052441627"
7355;1900;"Mark";"Clarke";"73MarCla55";"M";"1969-05-22";"33133890";54;6983;"5056441062"
7356;1788;"Laura";"Harris";"73LauHar56";"F";"2013-10-15";"74552261";10;5120;"5057722489"
7357;1275;"John";"Jackson";"73JohJac57";"M";"1969-10-04";"92008268";54;2333;"2195003386"
7358;1937;"Christopher";"Navarro";"73ChrNav58";"M";"1961-09-25";"27993905";62;9926;"4243621385"
7359;1907;"David";"Miller";"73DavMil59";"M";"2014-08-11";"74428807";9;9687;"2015888579"
7360;1165;"Robert";"Wade";"73RobWad60";"M";"2010-07-12";"28406100";13;2999;"5056837677"
7361;1868;"Shannon";"Ryan";"73ShaRya61";"F";"1987-02-20";"98493720";36;8137;"2165958515"
7362;1331;"Jeremy";"Miller";"73JerMil62";"M";"2001-12-15";"47789339";22;2470;"3103987535"
7363;1418;"Tammy";"Edwards";"73TamEdw63";"F";"2014-04-26";"63268986";9;1864;"3146572797"
7364;1378;"Elizabeth";"Bell";"73EliBel64";"F";"1980-02-12";"10975482";43;1992;"5057710212"
7365;1472;"Michelle";"Ramirez";"73MicRam65";"F";"1987-10-07";"76922231";36;4237;"3122267448"
7366;1156;"Michael";"Luna";"73MicLun66";"M";"1986-07-19";"45065337";37;9139;"5058644867"
7367;1558;"Amy";"Rice";"73AmyRic67";"F";"1995-07-21";"13905684";28;8156;"2535934338"
7368;1505;"Jessica";"Bryant";"73JesBry68";"F";"2014-05-22";"23633676";9;4893;"5055795866"
7369;1342;"Michael";"Shaw";"73MicSha69";"M";"2012-06-27";"49094949";11;1521;"2517030236"
7370;1432;"Kevin";"Brown";"73KevBro70";"M";"2008-12-09";"44744689";15;7560;"5056467132"
7371;1785;"Colton";"Woods";"73ColWoo71";"M";"1972-05-13";"72782677";51;6094;"5052412012"
7372;1601;"Zachary";"Vincent";"73ZacVin72";"M";"1972-09-28";"73315226";51;8242;"5059781819"
7373;1065;"Cameron";"Benjamin";"73CamBen73";"M";"1982-11-14";"12480783";41;1907;"2094042885"
7374;1088;"Amanda";"Clark";"73AmaCla74";"F";"1987-09-28";"77289445";36;2448;"5058386093"
7375;1415;"Curtis";"Wood";"73CurWoo75";"M";"1950-05-08";"20511727";73;9322;"5056446058"
7376;1139;"Tammy";"Moreno";"73TamMor76";"F";"1989-09-12";"17298649";34;4552;"2163975876"
7377;1627;"Scott";"Berg";"73ScoBer77";"M";"1957-04-20";"72661798";66;8554;"5052802088"
7378;1903;"Nancy";"Clark";"73NanCla78";"F";"2014-09-24";"78354154";9;2948;"2182586176"
7379;1813;"Craig";"Garcia";"73CraGar79";"M";"1960-04-26";"49180641";63;9345;"5317706671"
7380;1109;"Katherine";"Hill";"73KatHil80";"F";"1981-03-22";"12719171";42;9889;"2527120564"
7381;1148;"Katie";"Silva";"73KatSil81";"F";"1964-06-02";"58184789";59;9627;"4478649099"
7382;1044;"Michelle";"King";"73MicKin82";"F";"1979-10-28";"52487114";44;8632;"2165535737"
7383;1647;"Lance";"Miller";"73LanMil83";"M";"2015-03-18";"52432637";8;9659;"5056444352"
7384;1394;"Johnny";"Baker";"73JohBak84";"M";"1994-01-01";"74075010";29;6494;"3153337181"
7385;1290;"Carol";"Baker";"73CarBak85";"F";"1985-06-14";"72521897";38;2741;"5056629284"
7386;1308;"Ashley";"Brown";"73AshBro86";"F";"1999-01-02";"31418502";24;6207;"5056577874"
7387;1988;"Kimberly";"Randall";"73KimRan87";"F";"1966-03-03";"33953764";57;2079;"2195283543"
7388;1063;"Daniel";"Morse";"73DanMor88";"M";"2009-01-21";"52110594";14;2613;"3397589133"
7389;1578;"Kenneth";"Graham";"73KenGra89";"M";"2006-08-06";"78739500";17;1855;"5058017640"
7390;1345;"Nicole";"Callahan";"73NicCal90";"F";"1987-01-17";"36431652";36;5793;"5056447422"
7391;1027;"Misty";"Lee";"73MisLee91";"F";"2007-07-20";"76370782";16;4752;"5056444464"
7392;1502;"Rhonda";"Lee";"73RhoLee92";"F";"1962-03-06";"70199216";61;4625;"5053177603"
7393;1002;"Brenda";"Miller";"73BreMil93";"F";"1982-12-16";"41688206";41;1472;"2315672569"
7394;1438;"Michelle";"Martin";"73MicMar94";"F";"1966-08-25";"77642102";57;1019;"3199572261"
7395;1228;"Benjamin";"Cline";"73BenCli95";"M";"1986-05-04";"89549513";37;1752;"5056162579"
7396;1813;"Richard";"Whitaker";"73RicWhi96";"M";"1975-05-14";"93466672";48;6200;"5056462488"
7397;1669;"Traci";"Davis";"73TraDav97";"F";"1975-12-03";"28405269";48;2545;"5056842823"
7398;1989;"Aaron";"Wolf";"73AarWol98";"M";"1955-03-10";"71548906";68;2536;"2037047080"
7399;1216;"Scott";"Houston";"73ScoHou99";"M";"2004-03-06";"73355311";19;9950;"5056461276"
7400;1848;"Traci";"Williams";"74TraWil00";"F";"1990-03-27";"29146587";33;6969;"2055285485"
7401;1125;"Steven";"Robinson";"74SteRob01";"M";"1974-11-15";"46599686";49;6662;"5053705153"
7402;1407;"Elizabeth";"Howard";"74EliHow02";"F";"2000-05-11";"45571405";23;4310;"5052119784"
7403;1564;"Stephanie";"Williams";"74SteWil03";"F";"1973-01-07";"58113383";50;8350;"2079126938"
7404;1766;"James";"Roberts";"74JamRob04";"M";"1953-09-26";"49813451";70;6691;"5056447200"
7405;1967;"Sandra";"Salazar";"74SanSal05";"F";"1958-02-25";"58572423";65;9942;"2253340732"
7406;1936;"Tyrone";"Lopez";"74TyrLop06";"M";"1982-12-18";"73701573";41;4297;"2105530052"
7407;1883;"Kevin";"Contreras";"74KevCon07";"M";"2014-01-14";"38158511";9;4123;"5057330065"
7408;1050;"Gwendolyn";"Long";"74GweLon08";"F";"2008-08-25";"98925069";15;1830;"5056010485"
7409;1250;"Kelly";"Johnson";"74KelJoh09";"F";"1950-05-15";"60483944";73;1695;"3092460889"
7410;1206;"Mary";"Williams";"74MarWil10";"F";"2007-06-24";"53345935";16;2243;"3019191059"
7411;1650;"Jennifer";"Hanson";"74JenHan11";"F";"1978-04-14";"53496738";45;4067;"2483521776"
7412;1123;"John";"Lee";"74JohLee12";"M";"2011-05-25";"88164219";12;4438;"5056464592"
7413;1018;"Ronald";"Walker";"74RonWal13";"M";"1994-09-26";"90956137";29;5741;"4198756845"
7414;1324;"Jeff";"Barnett";"74JefBar14";"M";"1986-11-15";"63972113";37;7720;"2099688458"
7415;1841;"Arthur";"White";"74ArtWhi15";"M";"2005-07-25";"27565072";18;5655;"5059840157"
7416;1853;"Joshua";"Webster";"74JosWeb16";"M";"1997-06-16";"59369195";26;6798;"5057001292"
7417;1602;"Stephanie";"Ramos";"74SteRam17";"F";"2013-03-26";"90608756";10;9180;"5047704353"
7418;1551;"Charles";"Mcbride";"74ChaMcb18";"M";"1954-10-05";"72204048";69;5189;"2482203046"
7419;1953;"Mitchell";"Miller";"74MitMil19";"M";"1952-08-19";"10494921";71;4986;"5056468428"
7420;1406;"Eric";"Nelson";"74EriNel20";"M";"2000-03-28";"31897164";23;1413;"5055914626"
7421;1878;"Jessica";"Gardner";"74JesGar21";"F";"2014-04-20";"89310354";9;4311;"3104191006"
7422;1197;"Kayla";"Sullivan";"74KaySul22";"F";"1981-02-25";"22135434";42;2361;"2347733455"
7423;1432;"Karen";"Keller";"74KarKel23";"F";"1961-06-17";"48501696";62;3425;"2029156708"
7424;1563;"Alexis";"Hernandez";"74AleHer24";"M";"1981-10-10";"45248794";42;5836;"2287295082"
7425;1822;"Richard";"Bowen";"74RicBow25";"M";"2014-12-21";"88358765";9;9800;"2137142631"
7426;1448;"Willie";"Patton";"74WilPat26";"M";"1969-08-18";"45930889";54;6543;"2157897357"
7427;1399;"Brenda";"Lewis";"74BreLew27";"F";"1954-04-10";"69751881";69;1847;"2257600269"
7428;1648;"Ryan";"Hoffman";"74RyaHof28";"M";"2012-07-17";"15890232";11;1934;"5056447114"
7429;1622;"Gregory";"Hernandez";"74GreHer29";"M";"1991-07-23";"90931187";32;6084;"4193351150"
7430;1040;"Connor";"Taylor";"74ConTay30";"M";"1970-01-15";"42930473";53;8685;"3266532270"
7431;1137;"Jill";"Garrison";"74JilGar31";"F";"1992-10-07";"47185583";31;4383;"5056468164"
7432;1858;"Lindsey";"Powell";"74LinPow32";"F";"1977-03-28";"69604756";46;7535;"2053781984"
7433;1674;"Stephanie";"Thomas";"74SteTho33";"F";"1955-04-26";"24417897";68;2533;"6037330460"
7434;1815;"Patricia";"Edwards";"74PatEdw34";"F";"1986-10-24";"69914273";37;8433;"5056465322"
7435;1451;"Sean";"Winters";"74SeaWin35";"M";"1981-03-09";"23363915";42;2989;"5054468517"
7436;1280;"Diane";"Johnson";"74DiaJoh36";"F";"1978-09-08";"76417527";45;3385;"3195832879"
7437;1503;"Shelby";"Johnson";"74SheJoh37";"F";"1966-08-10";"39399560";57;3430;"5056444810"
7438;1076;"Jasmine";"Hill";"74JasHil38";"F";"1987-07-27";"86278108";36;8184;"5056442905"
7439;1721;"Brittany";"Mullins";"74BriMul39";"F";"2015-04-28";"66761853";8;2184;"2173900831"
7440;1938;"Anthony";"Stanton";"74AntSta40";"M";"1954-08-21";"82290807";69;2308;"5056460169"
7441;1684;"Kimberly";"Watkins";"74KimWat41";"F";"1960-09-19";"58016553";63;8983;"5029801734"
7442;1780;"Patrick";"David";"74PatDav42";"M";"1998-09-11";"60479640";25;7408;"5053550004"
7443;1343;"John";"Gonzalez";"74JohGon43";"M";"2008-02-20";"14874587";15;5825;"4042504696"
7444;1759;"Vincent";"Ellis";"74VinEll44";"M";"1983-10-02";"40094080";40;8001;"3032185048"
7445;1187;"Clarence";"Murphy";"74ClaMur45";"M";"1950-12-01";"21585612";73;9688;"5052012827"
7446;1876;"Reginald";"Hood";"74RegHoo46";"M";"2014-05-08";"29072341";9;9934;"5052481306"
7447;1430;"Luis";"Holmes";"74LuiHol47";"M";"2004-10-11";"85840254";19;8303;"5056466698"
7448;1643;"Vincent";"Stewart";"74VinSte48";"M";"2002-12-26";"71900581";21;4508;"5056468514"
7449;1625;"Kristin";"Nguyen";"74KriNgu49";"F";"1979-10-11";"68297981";44;9804;"5056712531"
7450;1512;"Katherine";"Henry";"74KatHen50";"F";"1976-10-15";"29642494";47;2268;"5056469092"
7451;1343;"James";"Marsh";"74JamMar51";"M";"2009-01-11";"11631363";14;9243;"2243886672"
7452;1250;"Matthew";"Lopez";"74MatLop52";"M";"1969-04-16";"99400116";54;3447;"5056468006"
7453;1299;"Maria";"Holland";"74MarHol53";"F";"2003-06-03";"15922901";20;9654;"2095128317"
7454;1005;"Angela";"Kline";"74AngKli54";"F";"1958-01-05";"19655644";65;2128;"5052504825"
7455;1575;"Rebecca";"Cunningham";"74RebCun55";"F";"1964-10-20";"52638503";59;1978;"2187175444"
7456;1740;"Shane";"Johnson";"74ShaJoh56";"M";"1979-02-13";"84032780";44;7846;"2282921685"
7457;1853;"Shelby";"Williams";"74SheWil57";"F";"2014-06-28";"79396318";9;9602;"4356276471"
7458;1923;"Susan";"Phillips";"74SusPhi58";"F";"1996-08-03";"60034657";27;6042;"5056446785"
7459;1060;"Mary";"Williams";"74MarWil59";"F";"1980-07-21";"26604589";43;1291;"5056446742"
7460;1324;"Billy";"Smith";"74BilSmi60";"M";"1974-11-21";"20073646";49;1826;"5056445207"
7461;1322;"Carolyn";"Porter";"74CarPor61";"F";"1950-09-24";"94221526";73;3292;"3079595564"
7462;1949;"Casey";"Middleton";"74CasMid62";"M";"2007-10-22";"77378588";16;6017;"5058194518"
7463;1591;"Timothy";"Woods";"74TimWoo63";"M";"2016-06-28";"90653143";7;8327;"5012518449"
7464;1689;"Richard";"Clarke";"74RicCla64";"M";"1978-06-18";"93622177";45;4813;"2187051717"
7465;1575;"Angela";"Mcgrath";"74AngMcg65";"F";"1974-05-17";"91854153";49;9762;"5057324079"
7466;1658;"Ariel";"Woodward";"74AriWoo66";"F";"1982-07-03";"68885327";41;6094;"5053641497"
7467;1361;"Sheila";"Smith";"74SheSmi67";"F";"1968-06-16";"16840350";55;1947;"2138645166"
7468;1851;"Michele";"Campbell";"74MicCam68";"F";"2012-09-09";"70221316";11;6100;"6173984757"
7469;1127;"Louis";"Berry";"74LouBer69";"M";"1954-09-13";"92046615";69;6275;"5056803335"
7470;1555;"Leslie";"Moran";"74LesMor70";"F";"1980-02-04";"61466951";43;4110;"5057086566"
7471;1926;"William";"Proctor";"74WilPro71";"M";"1992-12-21";"26708860";31;8249;"5056465938"
7472;1319;"William";"Hughes";"74WilHug72";"M";"2012-12-17";"90284869";11;8897;"5056446814"
7473;1480;"Kristin";"Mata";"74KriMat73";"F";"2010-05-08";"51892130";13;6086;"3013511257"
7474;1418;"Michael";"Johnson";"74MicJoh74";"M";"2009-07-15";"44857852";14;6087;"3262725199"
7475;1617;"David";"Evans";"74DavEva75";"M";"1957-11-23";"34394412";66;9612;"2523694219"
7476;1057;"Debra";"Smith";"74DebSmi76";"F";"2007-02-11";"72609870";16;5671;"5055427000"
7477;1541;"Rachel";"Scott";"74RacSco77";"F";"1987-04-06";"64286903";36;3113;"5392432729"
7478;1019;"John";"Zimmerman";"74JohZim78";"M";"2007-06-15";"89543184";16;7461;"2177103136"
7479;1127;"Ronald";"Haynes";"74RonHay79";"M";"1971-12-11";"80681934";52;1499;"3174829956"
7480;1075;"Melissa";"Rodriguez";"74MelRod80";"F";"1998-04-21";"80428301";25;1626;"2193443762"
7481;1668;"Arthur";"Roth";"74ArtRot81";"M";"1991-08-08";"23684076";32;2989;"5056449241"
7482;1672;"Mark";"Dawson";"74MarDaw82";"M";"1955-08-05";"26972903";68;2768;"2024840898"
7483;1323;"Sandra";"Williams";"74SanWil83";"F";"1999-09-24";"71197497";24;5397;"5056442377"
7484;1394;"Regina";"Johnson";"74RegJoh84";"F";"1990-07-22";"83870112";33;4656;"5056447070"
7485;1921;"Donald";"Smith";"74DonSmi85";"M";"1974-01-25";"36069789";49;2578;"5209738839"
7486;1424;"Christina";"Jackson";"74ChrJac86";"F";"1961-11-08";"90994242";62;4285;"3475831980"
7487;1351;"Misty";"Jensen";"74MisJen87";"F";"1984-07-23";"43058069";39;4881;"5053877868"
7488;1105;"Gail";"Mitchell";"74GaiMit88";"F";"2013-08-14";"51023641";10;7398;"4239151169"
7489;1440;"Veronica";"Stanton";"74VerSta89";"F";"1954-08-03";"30172660";69;2507;"5056442033"
7490;1521;"Lisa";"Johnson";"74LisJoh90";"F";"1976-04-22";"61087622";47;6348;"3124621108"
7491;1552;"Jennifer";"Reyes";"74JenRey91";"F";"1991-12-24";"13943100";32;7797;"5056466109"
7492;1941;"Holly";"Fisher";"74HolFis92";"F";"2004-10-19";"63442814";19;7967;"2258337862"
7493;1114;"Janice";"Porter";"74JanPor93";"F";"1999-09-22";"11763313";24;2916;"5056468532"
7494;1818;"Susan";"Vasquez";"74SusVas94";"F";"1974-09-13";"74858199";49;4028;"5056843872"
7495;1303;"Christine";"Ward";"74ChrWar95";"F";"1967-04-03";"98992720";56;7111;"5056981299"
7496;1418;"Kyle";"Smith";"74KylSmi96";"M";"1969-10-25";"18697452";54;6387;"2167535195"
7497;1150;"Elizabeth";"Burns";"74EliBur97";"F";"2014-08-20";"96634120";9;9680;"5056027042"
7498;1986;"Johnny";"Porter";"74JohPor98";"M";"1967-04-23";"12858149";56;6751;"2196907244"
7499;1517;"Thomas";"Faulkner";"74ThoFau99";"M";"1966-09-13";"93396438";57;6991;"5053943682"
7500;1882;"Keith";"Bailey";"75KeiBai00";"M";"1981-06-18";"97858808";42;1943;"5057005883"
7501;1674;"Stephen";"Allison";"75SteAll01";"M";"2010-06-15";"61168918";13;2903;"5057489189"
7502;1982;"Evan";"Fisher";"75EvaFis02";"M";"2008-06-17";"78790787";15;9071;"4028412789"
7503;1676;"Jessica";"Jackson";"75JesJac03";"F";"1981-12-20";"92927193";42;8671;"2164262353"
7504;1537;"William";"Pugh";"75WilPug04";"M";"1983-02-09";"26392738";40;4779;"5208208260"
7505;1838;"Michael";"Sims";"75MicSim05";"M";"2000-12-08";"13112081";23;6115;"5056469364"
7506;1158;"Daniel";"Boone";"75DanBoo06";"M";"2003-02-23";"53566748";20;7944;"5056464535"
7507;1518;"Scott";"Barnes";"75ScoBar07";"M";"2005-09-11";"88896650";18;9988;"2105466189"
7508;1568;"Teresa";"Goodman";"75TerGoo08";"F";"1954-10-25";"83868703";69;5048;"5052062009"
7509;1268;"Jennifer";"Young";"75JenYou09";"F";"1995-05-09";"70901491";28;8993;"6294536522"
7510;1386;"Judith";"Macias";"75JudMac10";"F";"2011-09-16";"37818334";12;6508;"5056157609"
7511;1789;"Christina";"Russell";"75ChrRus11";"F";"1978-12-15";"29717595";45;1884;"5056445576"
7512;1671;"Suzanne";"Turner";"75SuzTur12";"F";"2013-06-27";"49418401";10;5188;"5056740298"
7513;1780;"Kathy";"Williams";"75KatWil13";"F";"1960-10-24";"47434357";63;8031;"3236465006"
7514;1044;"Robert";"Massey";"75RobMas14";"M";"2007-08-19";"55396026";16;3141;"5052828856"
7515;1757;"Jenna";"Martinez";"75JenMar15";"F";"1963-06-18";"90033157";60;9537;"5056443973"
7516;1937;"Diana";"Sexton";"75DiaSex16";"F";"1992-10-14";"70685830";31;1272;"5052264690"
7517;1035;"Craig";"Donovan";"75CraDon17";"M";"1951-03-01";"16941055";72;9864;"3053310946"
7518;1268;"Darlene";"Patel";"75DarPat18";"F";"1987-10-15";"87698261";36;5184;"2082086311"
7519;1739;"Dennis";"Wall";"75DenWal19";"M";"1996-08-19";"32499244";27;2891;"2097678180"
7520;1101;"Stephen";"Chavez";"75SteCha20";"M";"2004-09-10";"78209258";19;9856;"8656447837"
7521;1220;"Jesus";"Franklin";"75JesFra21";"M";"1980-03-23";"58315520";43;1925;"5058965968"
7522;1694;"Jeremiah";"Clark";"75JerCla22";"M";"1980-05-14";"78528617";43;1912;"6164480258"
7523;1351;"Toni";"Medina";"75TonMed23";"F";"2002-07-09";"31674829";21;5381;"2188979673"
7524;1156;"Brian";"Porter";"75BriPor24";"M";"1983-06-22";"17314609";40;2335;"4017054474"
7525;1656;"Luis";"Kelly";"75LuiKel25";"M";"1962-01-24";"24847984";61;2631;"5059861371"
7526;1751;"David";"Marks";"75DavMar26";"M";"1965-01-14";"19105927";58;4130;"2092252942"
7527;1967;"Sandra";"Anderson";"75SanAnd27";"F";"1967-10-07";"35422492";56;1437;"5032017147"
7528;1373;"Matthew";"Friedman";"75MatFri28";"M";"2015-11-20";"94697814";8;5491;"2033463622"
7529;1461;"Douglas";"Lee";"75DouLee29";"M";"1986-11-04";"73463309";37;6177;"4154573245"
7530;1349;"Jeffrey";"Ferguson";"75JefFer30";"M";"2014-04-14";"96671215";9;5625;"5178277319"
7531;1424;"Vincent";"Levine";"75VinLev31";"M";"1968-08-14";"13440573";55;5586;"5056717580"
7532;1327;"Edward";"Price";"75EdwPri32";"M";"2009-08-14";"93900287";14;4902;"2296010174"
7533;1781;"James";"Martin";"75JamMar33";"M";"1963-03-20";"17739569";60;1825;"3174591718"
7534;1610;"Sheri";"Knight";"75SheKni34";"F";"2015-05-04";"70182598";8;9307;"5056939286"
7535;1899;"Angela";"Olson";"75AngOls35";"F";"2000-11-10";"93825575";23;6944;"6054901872"
7536;1740;"Nicole";"Bryant";"75NicBry36";"F";"2017-03-09";"39520050";6;6480;"5056441607"
7537;1156;"Martha";"Brown";"75MarBro37";"F";"1995-11-27";"79982958";28;4890;"5056447489"
7538;1815;"Chad";"Aguilar";"75ChaAgu38";"M";"1994-01-19";"24761180";29;2297;"5059937438"
7539;1659;"Chelsea";"Holt";"75CheHol39";"F";"1957-10-05";"29899294";66;3352;"3084750038"
7540;1030;"Kristina";"Bradshaw";"75KriBra40";"F";"1950-09-07";"57924378";73;1072;"3209147983"
7541;1162;"Danielle";"Harrington";"75DanHar41";"F";"2002-07-28";"17900892";21;8228;"5056363417"
7542;1624;"Cameron";"Clark";"75CamCla42";"M";"1991-07-25";"41916929";32;4921;"6082528662"
7543;1165;"Rebecca";"Moore";"75RebMoo43";"F";"1991-08-09";"42126018";32;2220;"4085881445"
7544;1853;"Jesse";"Jackson";"75JesJac44";"M";"1976-08-21";"95763576";47;2766;"2069426887"
7545;1830;"Andrew";"Moore";"75AndMoo45";"M";"2007-04-12";"12624939";16;3098;"5056312771"
7546;1013;"Pamela";"Blake";"75PamBla46";"F";"1991-06-11";"52241746";32;8767;"3084096193"
7547;1162;"Taylor";"Spears";"75TaySpe47";"F";"1986-06-10";"66077658";37;5593;"5056442847"
7548;1096;"Eric";"Baker";"75EriBak48";"M";"2008-01-15";"66107493";15;9630;"5057888586"
7549;1574;"Lynn";"Moran";"75LynMor49";"F";"1962-06-21";"95486674";61;9720;"4145588508"
7550;1630;"Holly";"Hawkins";"75HolHaw50";"F";"1973-02-25";"41221858";50;6782;"5059308633"
7551;1471;"Laura";"Lowe";"75LauLow51";"F";"1968-11-03";"45126827";55;4463;"5057538755"
7552;1681;"Heather";"Doyle";"75HeaDoy52";"F";"1986-12-13";"19698980";37;5618;"2139701313"
7553;1438;"Ronald";"Perez";"75RonPer53";"M";"1988-09-02";"20240702";35;3132;"3108475230"
7554;1302;"David";"Clark";"75DavCla54";"M";"1956-01-04";"30758194";67;6715;"4156949624"
7555;1572;"Mark";"Wright";"75MarWri55";"M";"1998-09-19";"76017695";25;6202;"4484081519"
7556;1011;"Lauren";"Lopez";"75LauLop56";"F";"2010-06-17";"21494908";13;2590;"2083489690"
7557;1709;"Sandra";"Rodriguez";"75SanRod57";"F";"2002-04-17";"14460294";21;7435;"5053293627"
7558;1030;"Nancy";"Martinez";"75NanMar58";"F";"1955-07-24";"43416417";68;9915;"5056227770"
7559;1255;"Christian";"Kennedy";"75ChrKen59";"M";"1970-10-17";"13821118";53;3768;"2204422522"
7560;1279;"Jennifer";"Mcfarland";"75JenMcf60";"F";"1991-04-08";"68122775";32;4174;"7145944235"
7561;1188;"Hayley";"Brooks";"75HayBro61";"F";"1958-03-08";"97171159";65;2842;"4232927235"
7562;1761;"Bethany";"Harrison";"75BetHar62";"F";"1985-08-26";"53052330";38;6824;"5056460282"
7563;1798;"Shelly";"Hartman";"75SheHar63";"F";"1987-12-13";"31105639";36;3121;"5056462243"
7564;1791;"Frederick";"Graham";"75FreGra64";"M";"1978-01-04";"94389964";45;3888;"5056121860"
7565;1282;"Carrie";"Santiago";"75CarSan65";"F";"2014-07-01";"77303725";9;5640;"5046038761"
7566;1553;"Kelly";"Sanchez";"75KelSan66";"F";"1981-04-06";"52596787";42;7248;"5056466486"
7567;1574;"Jeffery";"Reyes";"75JefRey67";"M";"1996-05-28";"74311941";27;3066;"4345484635"
7568;1992;"William";"Morgan";"75WilMor68";"M";"2012-12-15";"39952975";11;8093;"2173940644"
7569;1394;"Austin";"Hendricks";"75AusHen69";"M";"1979-02-24";"22459204";44;9097;"5053681399"
7570;1335;"Tracy";"Gonzales";"75TraGon70";"M";"1988-12-23";"50733356";35;2803;"2092874609"
7571;1385;"Corey";"Hutchinson";"75CorHut71";"M";"1953-08-26";"44672170";70;4770;"2254814983"
7572;1865;"Bruce";"Ward";"75BruWar72";"M";"1998-05-12";"91999142";25;1966;"5135986535"
7573;1004;"Meagan";"Morales";"75MeaMor73";"F";"2005-08-06";"64092072";18;2987;"5056858463"
7574;1252;"Keith";"Jackson";"75KeiJac74";"M";"2017-11-01";"23508920";6;6439;"2065727481"
7575;1828;"Mark";"Jackson";"75MarJac75";"M";"1954-01-27";"54178031";69;4281;"5056440411"
7576;1923;"Brandon";"Braun";"75BraBra76";"M";"1958-11-06";"80736056";65;6826;"3104193249"
7577;1506;"Heather";"Turner";"75HeaTur77";"F";"2014-10-14";"19449089";9;1317;"3393675757"
7578;1343;"Nicholas";"Burgess";"75NicBur78";"M";"1987-03-05";"97788962";36;3657;"5019901104"
7579;1174;"Brittany";"Lutz";"75BriLut79";"F";"1988-07-25";"61731118";35;8167;"3186142120"
7580;1660;"Krystal";"Bates";"75KryBat80";"F";"1997-10-05";"40020161";26;2547;"5179193983"
7581;1490;"Evan";"Ward";"75EvaWar81";"M";"1990-03-12";"67895660";33;8323;"2072930090"
7582;1753;"David";"Wilson";"75DavWil82";"M";"1958-07-15";"19456339";65;7877;"5053403653"
7583;1516;"Mariah";"Taylor";"75MarTay83";"F";"1986-09-13";"99593673";37;6192;"3524400104"
7584;1813;"Shari";"Gonzalez";"75ShaGon84";"F";"1964-04-22";"34677889";59;3890;"2349108956"
7585;1683;"Allison";"Mack";"75AllMac85";"F";"1963-06-20";"84015265";60;1059;"5058773682"
7586;1545;"Michael";"Collins";"75MicCol86";"M";"1977-12-28";"39592238";46;8040;"2564426444"
7587;1391;"Pamela";"Maddox";"75PamMad87";"F";"1999-10-14";"37414490";24;9847;"2202980599"
7588;1122;"Janet";"Brooks";"75JanBro88";"F";"1988-12-02";"11266632";35;6566;"5058331601"
7589;1609;"Yvonne";"Larson";"75YvoLar89";"F";"1951-12-27";"80611951";72;7958;"5058009818"
7590;1901;"Jay";"Thomas";"75JayTho90";"M";"1958-10-27";"46805424";65;6479;"5056443717"
7591;1841;"Jeffrey";"Lucas";"75JefLuc91";"M";"1996-07-02";"57465246";27;5194;"5056441470"
7592;1008;"Michelle";"Fox";"75MicFox92";"F";"1976-02-25";"28427501";47;9057;"2172757000"
7593;1128;"Matthew";"Davis";"75MatDav93";"M";"1961-02-06";"80050525";62;1826;"3018650891"
7594;1601;"Paul";"Cooper";"75PauCoo94";"M";"1989-05-16";"26889758";34;8861;"5056029355"
7595;1349;"Suzanne";"Baker";"75SuzBak95";"F";"1991-05-07";"32077442";32;6904;"4026914874"
7596;1006;"Ann";"Watson";"75AnnWat96";"F";"1982-05-24";"41165908";41;8177;"2206162354"
7597;1273;"Shawn";"Powell";"75ShaPow97";"M";"1960-11-20";"37895974";63;4536;"5057709507"
7598;1231;"Amanda";"Hancock";"75AmaHan98";"F";"1970-03-25";"18085084";53;8268;"5054673121"
7599;1917;"Patricia";"Taylor";"75PatTay99";"F";"1991-09-26";"44022386";32;3390;"5056908176"
7600;1329;"Pamela";"Davis";"76PamDav00";"F";"1986-12-14";"17881373";37;3104;"5058330788"
7601;1510;"Michael";"Stevenson";"76MicSte01";"M";"1996-01-06";"62362713";27;6892;"3262087931"
7602;1867;"Matthew";"Jones";"76MatJon02";"M";"1963-11-22";"97708549";60;5261;"2257137516"
7603;1602;"Daniel";"Gilbert";"76DanGil03";"M";"1961-08-07";"81584525";62;9520;"5056469586"
7604;1173;"Gary";"Barrett";"76GarBar04";"M";"1955-02-18";"23746728";68;5469;"4068834013"
7605;1319;"George";"Howard";"76GeoHow05";"M";"1995-01-15";"30206950";28;8164;"5052996693"
7606;1038;"Jeffery";"Mendoza";"76JefMen06";"M";"2013-06-03";"77703051";10;3163;"2284394290"
7607;1936;"Melissa";"Villarreal";"76MelVil07";"F";"2011-12-18";"40221418";12;9187;"5058981842"
7608;1673;"Jesse";"Baker";"76JesBak08";"M";"1958-02-18";"23002027";65;3006;"3175252165"
7609;1560;"Juan";"Diaz";"76JuaDia09";"M";"1978-09-21";"54591883";45;9264;"2394796717"
7610;1368;"Tammy";"Benitez";"76TamBen10";"F";"1967-10-19";"39607278";56;7489;"2344487995"
7611;1973;"Henry";"Mack";"76HenMac11";"M";"2007-02-21";"49142152";16;7645;"5017851364"
7612;1006;"Henry";"Jackson";"76HenJac12";"M";"2016-01-06";"38422969";7;8388;"2132774059"
7613;1137;"Daniel";"Moore";"76DanMoo13";"M";"2004-02-12";"77499026";19;9528;"2088441540"
7614;1054;"Richard";"Mahoney";"76RicMah14";"M";"1999-08-10";"89934108";24;3110;"5056906239"
7615;1829;"Richard";"Ellis";"76RicEll15";"M";"1984-08-12";"66832535";39;6251;"5056441895"
7616;1302;"William";"Williams";"76WilWil16";"M";"1965-10-27";"80875525";58;4325;"5056525899"
7617;1769;"Jennifer";"Smith";"76JenSmi17";"F";"1959-08-13";"61348581";64;5542;"5058356416"
7618;1995;"Ricky";"Reid";"76RicRei18";"M";"1981-08-25";"77678095";42;8453;"2198557426"
7619;1396;"Ashley";"Berry";"76AshBer19";"F";"2010-06-07";"98381796";13;6438;"5056444693"
7620;1877;"Matthew";"Hernandez";"76MatHer20";"M";"1991-02-15";"56100092";32;5054;"5055973257"
7621;1100;"Erin";"Gutierrez";"76EriGut21";"F";"1954-08-06";"42992262";69;4872;"5055462435"
7622;1764;"Shelia";"Mclaughlin";"76SheMcl22";"F";"2000-02-12";"63945655";23;2006;"2486163792"
7623;1492;"Matthew";"Ross";"76MatRos23";"M";"1978-09-02";"33497014";45;9293;"4014883639"
7624;1801;"John";"Vazquez";"76JohVaz24";"M";"1987-07-23";"45052541";36;2067;"5056446346"
7625;1604;"Misty";"Mcdowell";"76MisMcd25";"F";"2014-11-10";"59759108";9;1052;"5409411196"
7626;1840;"Andre";"Nguyen";"76AndNgu26";"M";"1992-01-01";"93575403";31;8751;"5055546518"
7627;1272;"Jennifer";"Edwards";"76JenEdw27";"F";"1981-09-16";"51572795";42;7006;"5057712184"
7628;1307;"Ryan";"Young";"76RyaYou28";"M";"1970-12-12";"29992010";53;5176;"3083531955"
7629;1475;"Julie";"Montgomery";"76JulMon29";"F";"1977-02-22";"35263656";46;2445;"2284660594"
7630;1580;"Douglas";"Porter";"76DouPor30";"M";"1955-09-01";"52008929";68;3547;"3172495820"
7631;1117;"Tiffany";"Mccarthy";"76TifMcc31";"F";"1994-09-05";"43234424";29;5577;"2133073869"
7632;1406;"Tabitha";"Castillo";"76TabCas32";"F";"1998-10-04";"40635504";25;3249;"5054141664"
7633;1753;"David";"Flores";"76DavFlo33";"M";"1955-05-12";"73607376";68;6807;"5055563869"
7634;1390;"Erika";"Miller";"76EriMil34";"F";"1961-01-17";"70519271";62;7997;"5056847360"
7635;1171;"Vincent";"Singleton";"76VinSin35";"M";"1999-09-28";"54453388";24;4999;"5056467990"
7636;1488;"Emily";"Simon";"76EmiSim36";"F";"2011-09-12";"46470307";12;5660;"5052538274"
7637;1292;"Melissa";"Shields";"76MelShi37";"F";"1982-11-01";"83520195";41;4475;"5056597496"
7638;1423;"Duane";"Bryant";"76DuaBry38";"M";"1966-07-25";"61217479";57;1600;"4137654868"
7639;1873;"Gabriel";"Rojas";"76GabRoj39";"M";"1972-09-23";"72982626";51;8747;"5138636057"
7640;1265;"Jodi";"Munoz";"76JodMun40";"F";"1998-08-14";"19443348";25;8314;"5056557211"
7641;1205;"Aaron";"Henderson";"76AarHen41";"M";"1976-02-09";"64209679";47;6630;"5057813380"
7642;1110;"Kristen";"Becker";"76KriBec42";"F";"2012-07-01";"51765389";11;2186;"5054172476"
7643;1303;"Catherine";"Perry";"76CatPer43";"F";"2009-01-11";"66191545";14;4755;"2255354835"
7644;1370;"Barbara";"Thompson";"76BarTho44";"F";"2017-11-27";"33621247";6;6951;"5056783860"
7645;1916;"Richard";"Jacobs";"76RicJac45";"M";"1956-05-18";"87116214";67;8135;"5056449840"
7646;1678;"Jeffrey";"King";"76JefKin46";"M";"1958-04-07";"78930279";65;6839;"5057116781"
7647;1511;"Troy";"Woodward";"76TroWoo47";"M";"1961-03-15";"62546013";62;7824;"2183479522"
7648;1109;"Andrew";"Moon";"76AndMoo48";"M";"2000-10-14";"47449017";23;7870;"5056444325"
7649;1011;"Steven";"Stephenson";"76SteSte49";"M";"1955-12-02";"48356929";68;7859;"3253786370"
7650;1475;"Susan";"Craig";"76SusCra50";"F";"1998-02-25";"49854699";25;9393;"4107251778"
7651;1452;"Julie";"Hamilton";"76JulHam51";"F";"1984-12-07";"47041693";39;8308;"2147921131"
7652;1603;"Amanda";"Mack";"76AmaMac52";"F";"1991-02-22";"41095922";32;3771;"4258399253"
7653;1599;"Terry";"Murphy";"76TerMur53";"M";"2007-02-05";"45982911";16;9358;"3059827982"
7654;1702;"Jaime";"Thompson";"76JaiTho54";"F";"1951-06-03";"53761738";72;9589;"2176003230"
7655;1687;"Michelle";"Odonnell";"76MicOdo55";"F";"2013-02-07";"23380729";10;9998;"2145585359"
7656;1075;"Patrick";"Campos";"76PatCam56";"M";"1976-04-01";"14057007";47;3643;"5056460149"
7657;1506;"Amber";"Jones";"76AmbJon57";"F";"1989-10-14";"83233560";34;1759;"3038233854"
7658;1394;"Melissa";"Fernandez";"76MelFer58";"F";"2002-09-18";"88931006";21;2787;"5056832631"
7659;1323;"Joshua";"Smith";"76JosSmi59";"M";"1992-03-26";"37710013";31;2427;"2196941531"
7660;1323;"Douglas";"Robertson";"76DouRob60";"M";"1953-08-05";"96539716";70;1480;"3868605279"
7661;1939;"Mark";"Blackburn";"76MarBla61";"M";"2008-08-09";"67683382";15;2614;"5165046791"
7662;1618;"Ernest";"Williams";"76ErnWil62";"M";"1951-11-22";"12660598";72;7680;"2152542101"
7663;1688;"Kelly";"Walker";"76KelWal63";"F";"1959-01-10";"14011082";64;7408;"5056441946"
7664;1085;"Rebecca";"Shannon";"76RebSha64";"F";"1994-05-26";"57342727";29;9960;"5053925009"
7665;1947;"Gina";"Heath";"76GinHea65";"F";"2001-08-16";"41669650";22;5535;"3302865750"
7666;1416;"Nicolas";"Bowers";"76NicBow66";"M";"1989-03-24";"24643699";34;9189;"4302208406"
7667;1599;"Shawn";"Garrison";"76ShaGar67";"M";"1977-10-26";"13930458";46;6971;"4846187684"
7668;1130;"Melissa";"York";"76MelYor68";"F";"2013-11-12";"75241164";10;8388;"5056441331"
7669;1046;"John";"Johnson";"76JohJoh69";"M";"1996-09-24";"50048042";27;1479;"5059833979"
7670;1931;"Anthony";"Faulkner";"76AntFau70";"M";"1978-06-11";"77843033";45;8664;"5053033194"
7671;1088;"Gabrielle";"Cox";"76GabCox71";"F";"1992-08-14";"76690648";31;7517;"5104584477"
7672;1861;"Paul";"Ford";"76PauFor72";"M";"1956-06-25";"30897389";67;2589;"5056446464"
7673;1637;"Joseph";"Alvarado";"76JosAlv73";"M";"2004-08-08";"33720231";19;1131;"3194912366"
7674;1074;"Nicholas";"Jenkins";"76NicJen74";"M";"2003-09-25";"71559830";20;2405;"3104177318"
7675;1822;"James";"Robinson";"76JamRob75";"M";"1976-11-18";"19294105";47;6604;"2148405449"
7676;1365;"Chad";"Hunter";"76ChaHun76";"M";"2006-08-27";"82183725";17;2914;"2137982614"
7677;1978;"Ryan";"Case";"76RyaCas77";"M";"1981-11-23";"89796142";42;4452;"5398985915"
7678;1591;"Ricardo";"Hunt";"76RicHun78";"M";"1960-09-08";"43389158";63;3919;"5056466753"
7679;1586;"Chad";"Elliott";"76ChaEll79";"M";"1955-01-21";"47467358";68;1863;"4029001977"
7680;1498;"Rebecca";"Richardson";"76RebRic80";"F";"1983-08-05";"80155389";40;1079;"5055213886"
7681;1716;"Amanda";"Hampton";"76AmaHam81";"F";"2005-03-10";"75490439";18;4626;"5056383922"
7682;1206;"Deanna";"Fields";"76DeaFie82";"F";"2009-12-17";"13635923";14;5182;"3235420996"
7683;1358;"Tracy";"Reed";"76TraRee83";"F";"1991-10-12";"89221413";32;9081;"3208885582"
7684;1943;"Michael";"Rivera";"76MicRiv84";"M";"1977-01-16";"97073252";46;9501;"2108909389"
7685;1196;"Jennifer";"Hill";"76JenHil85";"F";"1976-06-05";"12764194";47;1236;"5054296736"
7686;1935;"Jacob";"Adkins";"76JacAdk86";"M";"1994-10-28";"98815317";29;1231;"2294634507"
7687;1607;"Lauren";"Kim";"76LauKim87";"F";"2009-12-18";"12132293";14;2699;"5056146485"
7688;1780;"Benjamin";"Jones";"76BenJon88";"M";"1957-01-09";"43629458";66;6275;"5056835410"
7689;1149;"Christopher";"Pierce";"76ChrPie89";"M";"1955-02-21";"40388199";68;4630;"2019582005"
7690;1564;"Yvonne";"Cox";"76YvoCox90";"F";"1990-03-12";"84365257";33;8183;"5056243308"
7691;1953;"Charles";"Baker";"76ChaBak91";"M";"1958-01-14";"35525717";65;2590;"5055623915"
7692;1574;"Sarah";"Pierce";"76SarPie92";"F";"1968-10-02";"70211012";55;9736;"5056468066"
7693;1005;"Amy";"Park";"76AmyPar93";"F";"1995-04-08";"16123496";28;6770;"5059617589"
7694;1681;"Charles";"Brooks";"76ChaBro94";"M";"1963-10-10";"58092801";60;2957;"2016308752"
7695;1370;"Jocelyn";"Adkins";"76JocAdk95";"F";"2007-07-07";"44163189";16;2397;"4254843365"
7696;1874;"James";"Nunez";"76JamNun96";"M";"1957-03-20";"95505647";66;3248;"2348353378"
7697;1250;"Derrick";"Buck";"76DerBuc97";"M";"1977-10-27";"94677904";46;9252;"5055007963"
7698;1247;"Samuel";"Steele";"76SamSte98";"M";"2000-11-26";"47295399";23;9059;"3183574951"
7699;1392;"Dean";"Graves";"76DeaGra99";"M";"1954-04-13";"83209118";69;2413;"2209957446"
7700;1016;"Donna";"Lin";"77DonLin00";"F";"1990-12-09";"31566259";33;3876;"5058869185"
7701;1564;"Stacey";"Gaines";"77StaGai01";"F";"1970-10-01";"60587495";53;3858;"5056442503"
7702;1187;"Keith";"Bell";"77KeiBel02";"M";"1984-07-02";"48639226";39;8533;"5202965977"
7703;1445;"Doris";"Ellis";"77DorEll03";"F";"2015-12-08";"70067948";8;5140;"4074821324"
7704;1349;"Adam";"Harrington";"77AdaHar04";"M";"1991-04-07";"72126696";32;7894;"2173804352"
7705;1895;"Larry";"Tucker";"77LarTuc05";"M";"1993-05-10";"40113458";30;2182;"4354733174"
7706;1026;"Rachel";"Brewer";"77RacBre06";"F";"1963-06-14";"42225005";60;6329;"5052868634"
7707;1272;"Michael";"Williams";"77MicWil07";"M";"1990-06-08";"13133178";33;5508;"5056448866"
7708;1698;"Felicia";"Goodwin";"77FelGoo08";"F";"1975-10-23";"39147880";48;7524;"4646220433"
7709;1255;"Gregory";"Harvey";"77GreHar09";"M";"1959-05-03";"48707325";64;6869;"2256558588"
7710;1716;"Peter";"Roman";"77PetRom10";"M";"1961-09-09";"52299748";62;9365;"3102814249"
7711;1756;"Christopher";"Hall";"77ChrHal11";"M";"1999-10-25";"78158137";24;6049;"2136318121"
7712;1409;"Tyler";"Thornton";"77TylTho12";"M";"1969-11-23";"49826453";54;4657;"2313000349"
7713;1662;"Joanna";"Martinez";"77JoaMar13";"F";"1955-04-06";"37193365";68;8961;"3152128129"
7714;1028;"Daniel";"Romero";"77DanRom14";"M";"1986-10-22";"73241687";37;4037;"5059132617"
7715;1291;"Grace";"Aguilar";"77GraAgu15";"F";"1966-07-07";"96989441";57;8684;"5056443435"
7716;1881;"Tammy";"Jones";"77TamJon16";"F";"1959-12-23";"61503747";64;2245;"3123849769"
7717;1367;"Shane";"Solomon";"77ShaSol17";"M";"2001-10-01";"46610200";22;1360;"3157972814"
7718;1057;"Kelly";"Copeland";"77KelCop18";"F";"1974-01-28";"94059632";49;2258;"5057242864"
7719;1866;"Anthony";"Spears";"77AntSpe19";"M";"1989-03-01";"14886969";34;3188;"2063059875"
7720;1012;"April";"Oliver";"77AprOli20";"F";"1960-04-04";"18541523";63;1957;"5057785754"
7721;1908;"Amber";"Nguyen";"77AmbNgu21";"F";"1957-01-15";"36569234";66;3840;"5055929759"
7722;1278;"Heather";"Lee";"77HeaLee22";"F";"1965-03-22";"77943292";58;3318;"5057185793"
7723;1153;"Ana";"King";"77AnaKin23";"F";"1984-02-27";"95726614";39;2478;"5056546673"
7724;1342;"Melissa";"Davidson";"77MelDav24";"F";"1969-05-08";"29878437";54;2685;"5056443685"
7725;1347;"Alexander";"Owens";"77AleOwe25";"M";"2016-02-23";"68609071";7;9895;"2172682699"
7726;1029;"Shannon";"Rivera";"77ShaRiv26";"M";"1986-06-22";"77874322";37;6564;"5056441158"
7727;1455;"Allison";"Coleman";"77AllCol27";"F";"1965-07-14";"27958988";58;9323;"5056717693"
7728;1178;"Jacob";"Stone";"77JacSto28";"M";"1980-10-22";"23200235";43;5246;"7134211728"
7729;1529;"Stephanie";"Randolph";"77SteRan29";"F";"1989-03-28";"77927981";34;8309;"5056585009"
7730;1111;"Bianca";"Franco";"77BiaFra30";"F";"2007-11-04";"28348769";16;1730;"5056782824"
7731;1493;"Bobby";"Austin";"77BobAus31";"M";"1989-06-06";"71266250";34;5987;"2146060270"
7732;1235;"Nicholas";"Olson";"77NicOls32";"M";"2009-12-12";"54807474";14;1569;"5056446978"
7733;1600;"Travis";"Logan";"77TraLog33";"M";"2013-12-08";"66401477";10;2265;"5058199040"
7734;1783;"Danielle";"Lyons";"77DanLyo34";"F";"1986-01-10";"87490214";37;3035;"5053676702"
7735;1760;"Miranda";"Rowe";"77MirRow35";"F";"1981-05-08";"64789286";42;9147;"2293082362"
7736;1012;"Alexander";"Hart";"77AleHar36";"M";"1983-03-01";"50525127";40;7391;"2184296908"
7737;1257;"Rodney";"Dyer";"77RodDye37";"M";"1992-02-18";"78635270";31;9751;"5058249861"
7738;1038;"Jonathan";"Gibson";"77JonGib38";"M";"2008-04-17";"41898934";15;4759;"5056468453"
7739;1425;"Elizabeth";"Lee";"77EliLee39";"F";"1983-10-09";"33968571";40;5327;"5055712406"
7740;1247;"Daniel";"Williams";"77DanWil40";"M";"1969-01-14";"61978439";54;9462;"5056445604"
7741;1636;"Kristin";"Walters";"77KriWal41";"F";"1954-05-21";"23884321";69;1602;"3479385185"
7742;1902;"John";"Carson";"77JohCar42";"M";"1966-07-23";"92112827";57;1232;"2022945038"
7743;1549;"Courtney";"Kramer";"77CouKra43";"F";"1951-11-11";"95792956";72;4761;"5053258073"
7744;1612;"Eileen";"Mann";"77EilMan44";"F";"2005-05-19";"48084296";18;4662;"3864729783"
7745;1713;"Margaret";"Ryan";"77MarRya45";"F";"1985-01-16";"37229520";38;2400;"2208183412"
7746;1047;"Michael";"Ellison";"77MicEll46";"M";"1961-07-28";"52893817";62;8924;"2037511722"
7747;1407;"Sarah";"Allen";"77SarAll47";"F";"1965-05-24";"59950407";58;7904;"5056469038"
7748;1432;"Joseph";"Bush";"77JosBus48";"M";"1978-12-14";"43252404";45;8615;"5056469339"
7749;1599;"Mary";"Daniels";"77MarDan49";"F";"2002-12-07";"10272477";21;6973;"5056444244"
7750;1997;"Shawn";"Cole";"77ShaCol50";"M";"1979-12-17";"41431419";44;6063;"5133626349"
7751;1605;"Danielle";"Nelson";"77DanNel51";"F";"1956-09-28";"36427525";67;8337;"2234220985"
7752;1515;"Joseph";"Mills";"77JosMil52";"M";"2010-12-14";"39516537";13;2614;"5056468270"
7753;1637;"Amy";"Perez";"77AmyPer53";"F";"1955-12-11";"50293967";68;8879;"5056448582"
7754;1410;"Francis";"Parker";"77FraPar54";"M";"2015-01-26";"83394376";8;2656;"2545641598"
7755;1016;"Daniel";"Mayo";"77DanMay55";"M";"1984-01-15";"20380784";39;6798;"2175341536"
7756;1915;"Kim";"White";"77KimWhi56";"F";"2011-01-18";"62866308";12;9363;"3055068981"
7757;1381;"Andrew";"Kelley";"77AndKel57";"M";"1962-12-25";"34103705";61;7981;"5052183799"
7758;1277;"Melanie";"Thompson";"77MelTho58";"F";"1999-11-15";"43833656";24;8397;"3083436451"
7759;1680;"Rebecca";"Fitzgerald";"77RebFit59";"F";"1953-01-12";"99834249";70;2365;"5059428777"
7760;1507;"Michael";"Greene";"77MicGre60";"M";"1951-08-18";"85156756";72;4679;"5052301313"
7761;1134;"Jesus";"Trujillo";"77JesTru61";"M";"2007-03-04";"40405994";16;9342;"3145882852"
7762;1401;"Jane";"Davis";"77JanDav62";"F";"1983-04-23";"34501684";40;5558;"2157759304"
7763;1346;"Desiree";"Bailey";"77DesBai63";"F";"1950-11-22";"81533219";73;4780;"2409286321"
7764;1555;"Brian";"Clarke";"77BriCla64";"M";"1967-07-20";"62840195";56;4983;"4175519518"
7765;1887;"Jennifer";"Pierce";"77JenPie65";"F";"1988-04-24";"31693879";35;1703;"5056685397"
7766;1090;"Elaine";"Carter";"77ElaCar66";"F";"1952-11-21";"17027513";71;1929;"5056200251"
7767;1354;"Kim";"Grant";"77KimGra67";"F";"1998-04-12";"42695599";25;8227;"3182938703"
7768;1198;"Luis";"Clark";"77LuiCla68";"M";"1958-08-05";"75149060";65;5734;"2133254423"
7769;1554;"Steven";"Graves";"77SteGra69";"M";"1974-09-12";"41993314";49;4274;"5056448101"
7770;1790;"Caitlin";"Bean";"77CaiBea70";"F";"1960-09-13";"34347326";63;3973;"5056169676"
7771;1680;"David";"Johnson";"77DavJoh71";"M";"1953-11-15";"58190777";70;7072;"5056443857"
7772;1763;"Janet";"Montoya";"77JanMon72";"F";"1982-02-13";"40971177";41;1176;"5056658972"
7773;1810;"Paula";"Freeman";"77PauFre73";"F";"2005-09-20";"83184256";18;6174;"5055207870"
7774;1480;"Jason";"Murray";"77JasMur74";"M";"2010-06-08";"37370020";13;4528;"2172733494"
7775;1190;"Charles";"Hicks";"77ChaHic75";"M";"1996-08-15";"31631763";27;9490;"2314850888"
7776;1858;"Bryan";"Porter";"77BryPor76";"M";"1985-03-15";"58879415";38;3412;"5057264168"
7777;1276;"Max";"Barnes";"77MaxBar77";"M";"1961-03-04";"26301308";62;7428;"5058037579"
7778;1236;"Erik";"Sutton";"77EriSut78";"M";"2001-02-17";"29914327";22;7051;"5056464897"
7779;1905;"William";"Ortiz";"77WilOrt79";"M";"2012-10-07";"11693090";11;6360;"2132531459"
7780;1954;"Lisa";"Farrell";"77LisFar80";"F";"2002-06-04";"64971189";21;4899;"5054580875"
7781;1027;"Michelle";"Levy";"77MicLev81";"F";"1951-05-12";"68196794";72;6464;"2194492829"
7782;1915;"Steven";"Nguyen";"77SteNgu82";"M";"1984-05-19";"47376395";39;9736;"5054507262"
7783;1504;"Courtney";"Harris";"77CouHar83";"F";"1972-03-06";"41024828";51;4270;"5053216849"
7784;1099;"Victoria";"Owens";"77VicOwe84";"F";"2001-05-14";"27460159";22;5678;"5055161226"
7785;1872;"Richard";"Wagner";"77RicWag85";"M";"1984-11-02";"66588924";39;6021;"5054685114"
7786;1826;"Brian";"Rich";"77BriRic86";"M";"1984-11-21";"68852012";39;1385;"5056461971"
7787;1654;"Kristen";"Berry";"77KriBer87";"F";"1972-10-08";"83484798";51;6447;"3302474229"
7788;1605;"Christopher";"Walters";"77ChrWal88";"M";"1983-04-23";"87246219";40;9394;"5058858461"
7789;1622;"Brandon";"Miller";"77BraMil89";"M";"2014-06-24";"45939902";9;6549;"5056821937"
7790;1155;"Charlene";"Stevens";"77ChaSte90";"F";"2009-11-13";"80544721";14;7234;"2188568546"
7791;1935;"Susan";"Pratt";"77SusPra91";"F";"1956-11-23";"47929872";67;6241;"5056673207"
7792;1716;"Samantha";"Jackson";"77SamJac92";"F";"1961-04-28";"41182502";62;2488;"5053153874"
7793;1301;"Matthew";"Brown";"77MatBro93";"M";"1991-02-04";"95880997";32;6185;"5059783845"
7794;1613;"Brandy";"Ford";"77BraFor94";"F";"1983-05-20";"48284235";40;5484;"4195584104"
7795;1476;"Brian";"Avila";"77BriAvi95";"M";"1981-08-11";"22137477";42;8232;"3147610144"
7796;1714;"Christopher";"Lopez";"77ChrLop96";"M";"1988-04-15";"77453803";35;4086;"2394136208"
7797;1889;"Alexander";"Tucker";"77AleTuc97";"M";"1983-10-21";"32534509";40;6445;"2034483105"
7798;1660;"Angelica";"Gibson";"77AngGib98";"F";"1960-10-02";"27227159";63;7523;"5056469089"
7799;1413;"Pamela";"Mcconnell";"77PamMcc99";"F";"1985-12-16";"55327766";38;9485;"3613503852"
7800;1831;"Cathy";"Robinson";"78CatRob00";"F";"1961-04-10";"30555528";62;6539;"5056461754"
7801;1926;"Christina";"Zamora";"78ChrZam01";"F";"2010-08-06";"62903837";13;8644;"5056449073"
7802;1852;"Lisa";"Villegas";"78LisVil02";"F";"1998-02-23";"33043742";25;6322;"5056747964"
7803;1632;"Brandy";"Watson";"78BraWat03";"F";"1993-04-23";"91314063";30;8050;"3128159730"
7804;1592;"Brian";"Ruiz";"78BriRui04";"M";"2011-03-27";"58111215";12;5012;"5056447206"
7805;1826;"Catherine";"Wise";"78CatWis05";"F";"2001-03-04";"14287645";22;3299;"4798955709"
7806;1030;"Valerie";"Howard";"78ValHow06";"F";"2009-09-23";"51601610";14;5053;"3262586138"
7807;1310;"Douglas";"Cain";"78DouCai07";"M";"2003-05-07";"29942873";20;5667;"5053135462"
7808;1349;"Jared";"Schmidt";"78JarSch08";"M";"1973-07-16";"49365967";50;4904;"2059861958"
7809;1954;"Christopher";"Kent";"78ChrKen09";"M";"2011-11-19";"38157134";12;9076;"2012495436"
7810;1699;"David";"Ramos";"78DavRam10";"M";"1986-02-12";"46010508";37;2785;"3058049312"
7811;1084;"Angela";"Chandler";"78AngCha11";"F";"2007-05-16";"12176617";16;5315;"5056468226"
7812;1812;"Rita";"Downs";"78RitDow12";"F";"1973-04-28";"61627772";50;9549;"5056443623"
7813;1755;"Scott";"Patton";"78ScoPat13";"M";"2004-03-16";"14650869";19;7210;"5059826864"
7814;1978;"Patricia";"Melton";"78PatMel14";"F";"1991-08-28";"29233565";32;3480;"5058027871"
7815;1004;"Ricky";"Fox";"78RicFox15";"M";"1957-10-28";"49144228";66;4691;"4097726805"
7816;1572;"Brian";"Dawson";"78BriDaw16";"M";"2016-07-13";"76983968";7;5804;"2132739358"
7817;1863;"Ashley";"Fisher";"78AshFis17";"F";"1952-09-26";"22928134";71;9933;"5056468052"
7818;1454;"Kelly";"Wood";"78KelWoo18";"F";"1984-09-12";"73098244";39;7242;"2069131019"
7819;1429;"Amy";"Beasley";"78AmyBea19";"F";"1987-01-19";"64526576";36;7381;"5056442124"
7820;1928;"Jessica";"Nelson";"78JesNel20";"F";"2016-12-26";"23887146";7;6510;"2085459996"
7821;1260;"Angela";"Williams";"78AngWil21";"F";"2014-08-18";"43109400";9;3454;"2249289862"
7822;1880;"Jennifer";"Walker";"78JenWal22";"F";"2007-04-18";"93645150";16;5435;"5054770406"
7823;1447;"Amy";"Schultz";"78AmySch23";"F";"1977-05-27";"46605123";46;6163;"5056467005"
7824;1802;"Tammy";"Haynes";"78TamHay24";"F";"1963-03-26";"58921209";60;9690;"2123405841"
7825;1309;"Joshua";"Rodriguez";"78JosRod25";"M";"1967-01-14";"24437929";56;7567;"5055036316"
7826;1794;"Danielle";"Forbes";"78DanFor26";"F";"2010-06-23";"89966487";13;6813;"3019486829"
7827;1488;"Michael";"Osborne";"78MicOsb27";"M";"1979-02-09";"96758887";44;2407;"4077025777"
7828;1012;"Donald";"Huynh";"78DonHuy28";"M";"1990-09-21";"35758974";33;8411;"7039108143"
7829;1141;"Christopher";"Schultz";"78ChrSch29";"M";"1952-09-06";"87868865";71;4320;"2295752081"
7830;1360;"Tina";"Medina";"78TinMed30";"F";"2017-11-13";"71135457";6;4898;"2238344713"
7831;1087;"Robert";"Contreras";"78RobCon31";"M";"2012-03-27";"26475785";11;8129;"2025314339"
7832;1414;"Donna";"Thomas";"78DonTho32";"F";"1997-09-14";"24673694";26;2158;"2238884681"
7833;1394;"Elizabeth";"Prince";"78EliPri33";"F";"1976-11-23";"41694331";47;8576;"2252953073"
7834;1534;"Timothy";"Nichols";"78TimNic34";"M";"1976-05-21";"99193311";47;8003;"4179677206"
7835;1416;"Donna";"Deleon";"78DonDel35";"F";"1987-04-15";"51015489";36;4524;"5058707201"
7836;1818;"Paul";"Moore";"78PauMoo36";"M";"1958-04-03";"21895985";65;1064;"5053584099"
7837;1060;"Annette";"Murphy";"78AnnMur37";"F";"1983-03-28";"14264994";40;6661;"5056447784"
7838;1474;"Jesse";"Gonzalez";"78JesGon38";"M";"1969-02-07";"38029814";54;1767;"3219097098"
7839;1897;"Sandra";"Dawson";"78SanDaw39";"F";"1985-08-20";"43026440";38;8466;"5056545135"
7840;1879;"Albert";"Frazier";"78AlbFra40";"M";"1983-11-26";"76656982";40;5262;"5056449171"
7841;1556;"Carmen";"Perez";"78CarPer41";"F";"1993-08-21";"79083277";30;3824;"2205272425"
7842;1930;"Brittany";"Johnson";"78BriJoh42";"F";"1962-11-10";"52200653";61;4645;"5056446112"
7843;1434;"Samantha";"Brown";"78SamBro43";"F";"2013-04-15";"50369872";10;7639;"2282809185"
7844;1424;"Evan";"Hudson";"78EvaHud44";"M";"1962-11-01";"23914604";61;8464;"3177135971"
7845;1271;"Christopher";"Murphy";"78ChrMur45";"M";"1963-03-12";"27363997";60;7842;"2482622087"
7846;1423;"Laura";"Stark";"78LauSta46";"F";"2009-10-02";"36549476";14;7062;"3364463677"
7847;1100;"Nicholas";"Lam";"78NicLam47";"M";"1958-12-10";"81986596";65;8869;"2487087813"
7848;1395;"Heidi";"Jenkins";"78HeiJen48";"F";"1987-01-05";"43331366";36;4064;"3252980401"
7849;1129;"Amber";"Smith";"78AmbSmi49";"F";"1967-03-06";"39444035";56;2980;"5056463522"
7850;1805;"Jessica";"Perkins";"78JesPer50";"F";"2007-05-24";"98015891";16;1534;"2098683271"
7851;1944;"Karen";"Solomon";"78KarSol51";"F";"1965-06-20";"47415119";58;2259;"4089116623"
7852;1988;"Michelle";"Cain";"78MicCai52";"F";"1966-12-06";"97986965";57;4938;"5059137437"
7853;1574;"Alexandria";"Hill";"78AleHil53";"F";"2017-11-28";"74791294";6;9905;"5055286149"
7854;1927;"Jason";"Watson";"78JasWat54";"M";"1958-09-11";"92318229";65;8386;"2202405376"
7855;1622;"Alexander";"Hall";"78AleHal55";"M";"2010-10-18";"31046150";13;5528;"5056460704"
7856;1789;"Susan";"Todd";"78SusTod56";"F";"2015-11-14";"51207076";8;4526;"5056992979"
7857;1278;"Kaitlyn";"Hendrix";"78KaiHen57";"F";"1969-12-13";"87441853";54;8239;"2057435982"
7858;1303;"Brett";"Tanner";"78BreTan58";"M";"1983-08-12";"39216128";40;5020;"5056442532"
7859;1276;"Desiree";"Flowers";"78DesFlo59";"F";"1973-03-07";"88128527";50;3495;"2062938380"
7860;1442;"Dorothy";"Compton";"78DorCom60";"F";"1960-12-19";"37459822";63;9664;"2039583139"
7861;1230;"Michael";"Adams";"78MicAda61";"M";"1962-10-01";"62596800";61;3412;"5059852481"
7862;1883;"Brian";"Warner";"78BriWar62";"M";"1965-06-08";"60575850";58;6912;"2292581127"
7863;1325;"Melissa";"Fuentes";"78MelFue63";"F";"1983-07-20";"46525223";40;4153;"5056030052"
7864;1360;"Stephanie";"Collins";"78SteCol64";"F";"1960-08-16";"77180939";63;9307;"5055985236"
7865;1497;"Kelly";"Hinton";"78KelHin65";"F";"2008-08-12";"57798062";15;5372;"5056282677"
7866;1244;"David";"Gomez";"78DavGom66";"M";"1971-02-18";"25229169";52;1118;"5057072358"
7867;1555;"Chase";"Cervantes";"78ChaCer67";"M";"1964-10-03";"30432019";59;9396;"5056468662"
7868;1661;"Mark";"Martin";"78MarMar68";"M";"2005-10-22";"36464093";18;9613;"3309690398"
7869;1198;"Anthony";"Perez";"78AntPer69";"M";"2000-07-23";"94056877";23;9161;"6154579193"
7870;1864;"Jessica";"Stewart";"78JesSte70";"F";"1978-12-24";"47352396";45;6172;"5054020385"
7871;1352;"Eric";"Freeman";"78EriFre71";"M";"1958-04-20";"54777318";65;7569;"3613431434"
7872;1386;"Joshua";"Cooley";"78JosCoo72";"M";"1953-01-09";"45704126";70;8569;"5055369204"
7873;1156;"Robert";"Kelly";"78RobKel73";"M";"1999-11-08";"73457354";24;4871;"5056955890"
7874;1340;"Erin";"Chandler";"78EriCha74";"F";"1984-12-22";"26171268";39;8196;"5056825529"
7875;1311;"Sharon";"Torres";"78ShaTor75";"F";"1961-07-09";"57793338";62;2964;"2233858077"
7876;1557;"Brandon";"Nguyen";"78BraNgu76";"M";"2001-10-08";"37243198";22;2136;"8105909233"
7877;1558;"Raymond";"Herman";"78RayHer77";"M";"1984-04-16";"26390232";39;4544;"5056443706"
7878;1855;"Susan";"Garcia";"78SusGar78";"F";"1973-01-06";"54257143";50;8653;"2026758121"
7879;1636;"Erica";"Boyle";"78EriBoy79";"F";"2013-03-12";"20073363";10;9355;"3204724958"
7880;1116;"Kelli";"Walter";"78KelWal80";"F";"1965-12-09";"49604998";58;9399;"5053087440"
7881;1454;"Jo";"Barrett";"78JoBar81";"F";"1993-06-27";"79764351";30;4123;"4152277435"
7882;1816;"Richard";"Bowen";"78RicBow82";"M";"2013-02-09";"84710372";10;7343;"2057725981"
7883;1847;"John";"Burke";"78JohBur83";"M";"2014-01-23";"14257250";9;2390;"3142804393"
7884;1695;"Carla";"Snyder";"78CarSny84";"F";"1967-02-06";"37420407";56;1536;"2549108511"
7885;1828;"Kyle";"Koch";"78KylKoc85";"M";"1955-07-02";"78448853";68;8765;"4328829985"
7886;1558;"Crystal";"Greene";"78CryGre86";"F";"1974-11-23";"18212165";49;3136;"6263981108"
7887;1453;"Chloe";"Wilkerson";"78ChlWil87";"F";"1974-08-05";"45036455";49;8363;"2315654710"
7888;1805;"Linda";"Smith";"78LinSmi88";"F";"1964-07-17";"11197933";59;3561;"5056673075"
7889;1405;"Raven";"Atkins";"78RavAtk89";"F";"2010-06-21";"76272382";13;8189;"2317538937"
7890;1931;"Shane";"Davis";"78ShaDav90";"M";"1960-12-14";"62482134";63;1570;"2102957106"
7891;1310;"Joseph";"Holloway";"78JosHol91";"M";"1996-12-17";"26830684";27;2047;"5053266298"
7892;1004;"Shawn";"Burton";"78ShaBur92";"M";"1997-08-08";"83392387";26;7236;"2257542447"
7893;1295;"Jill";"Arroyo";"78JilArr93";"F";"1993-08-08";"64504630";30;8990;"2165692618"
7894;1318;"Haley";"Brown";"78HalBro94";"F";"1955-07-05";"43190356";68;8490;"3094580169"
7895;1105;"Lisa";"Cruz";"78LisCru95";"F";"2008-01-04";"67370239";15;7116;"5056467014"
7896;1945;"Kylie";"Wright";"78KylWri96";"F";"1986-06-27";"75309230";37;4676;"7064680132"
7897;1723;"Norman";"Maddox";"78NorMad97";"M";"1964-01-07";"17939759";59;3165;"5054882485"
7898;1778;"Matthew";"Colon";"78MatCol98";"M";"2002-12-07";"22182182";21;6784;"3032238965"
7899;1505;"Cynthia";"Anderson";"78CynAnd99";"F";"1973-01-01";"98461958";50;9088;"6076835899"
7900;1664;"David";"Clark";"79DavCla00";"M";"1953-04-17";"70173138";70;1850;"2347600789"
7901;1317;"Mary";"Brown";"79MarBro01";"F";"2004-08-22";"68825772";19;4858;"2066619945"
7902;1168;"Lisa";"Jones";"79LisJon02";"F";"1958-04-08";"96618815";65;3806;"5056911382"
7903;1538;"Lindsay";"Clark";"79LinCla03";"F";"1983-01-21";"35034244";40;9831;"5058258165"
7904;1610;"Eric";"Perkins";"79EriPer04";"M";"1955-08-22";"31788092";68;5994;"5057380464"
7905;1797;"Katherine";"Hernandez";"79KatHer05";"F";"1973-12-07";"68221195";50;9833;"3056591433"
7906;1459;"Ashley";"Jackson";"79AshJac06";"F";"1977-07-17";"53242627";46;8820;"5056575209"
7907;1125;"Tammy";"Whitehead";"79TamWhi07";"F";"1986-11-03";"51837501";37;2059;"2138319838"
7908;1319;"James";"Mata";"79JamMat08";"M";"1956-12-10";"61585256";67;7038;"2016283480"
7909;1507;"Jason";"Bentley";"79JasBen09";"M";"2007-09-01";"99824819";16;4410;"4028848008"
7910;1258;"Charles";"Merritt";"79ChaMer10";"M";"1987-10-24";"13973307";36;5972;"5055653248"
7911;1895;"Stephanie";"Brown";"79SteBro11";"F";"2010-06-19";"96236900";13;1719;"5058530093"
7912;1717;"Diane";"Rodriguez";"79DiaRod12";"F";"2010-02-06";"47403633";13;9098;"5053530169"
7913;1354;"Daniel";"Ruiz";"79DanRui13";"M";"2001-07-18";"70029390";22;8378;"5056448831"
7914;1140;"Vicki";"Dixon";"79VicDix14";"F";"1991-12-27";"84910332";32;2628;"9073883434"
7915;1086;"John";"Rodriguez";"79JohRod15";"M";"1958-11-11";"55617694";65;9196;"5056445142"
7916;1741;"Maria";"Lewis";"79MarLew16";"F";"1958-02-24";"26968386";65;3286;"4174748595"
7917;1926;"Leslie";"White";"79LesWhi17";"M";"1954-07-03";"31288622";69;7244;"2678750919"
7918;1434;"Beth";"Perez";"79BetPer18";"F";"2000-11-16";"69438774";23;9137;"5055127128"
7919;1706;"Andrew";"Nelson";"79AndNel19";"M";"1991-11-18";"61487293";32;8762;"3195877437"
7920;1885;"Christian";"White";"79ChrWhi20";"M";"1950-07-08";"17926379";73;8724;"4127643969"
7921;1782;"Belinda";"Hancock";"79BelHan21";"F";"2000-11-13";"32282433";23;5331;"3326431895"
7922;1610;"Shawn";"Bradford";"79ShaBra22";"M";"2005-01-02";"72708784";18;9662;"4014986267"
7923;1169;"Ryan";"Miller";"79RyaMil23";"M";"2010-10-01";"25374897";13;1203;"6103586089"
7924;1557;"Judy";"Anderson";"79JudAnd24";"F";"1986-06-23";"32499486";37;2053;"5056612383"
7925;1210;"Jerry";"Kelley";"79JerKel25";"M";"1989-12-20";"97815857";34;9580;"5056929731"
7926;1956;"Stacey";"Wilson";"79StaWil26";"F";"1953-10-15";"75663486";70;1423;"4255760689"
7927;1117;"Gerald";"Wells";"79GerWel27";"M";"1972-10-04";"58170491";51;6063;"5056460169"
7928;1181;"Jill";"Black";"79JilBla28";"F";"2012-11-22";"19325654";11;5296;"5056360697"
7929;1680;"Eric";"Oconnor";"79EriOco29";"M";"1993-08-10";"43952504";30;2950;"3212984205"
7930;1497;"Amanda";"Costa";"79AmaCos30";"F";"1962-02-28";"21071090";61;5479;"5056460260"
7931;1539;"Melissa";"Gonzalez";"79MelGon31";"F";"1972-10-27";"91143770";51;6093;"5056440843"
7932;1872;"Amy";"Robinson";"79AmyRob32";"F";"1981-10-01";"11775142";42;4890;"5056440941"
7933;1245;"Kimberly";"Webster";"79KimWeb33";"F";"2010-03-13";"61016724";13;4323;"5056686142"
7934;1566;"Felicia";"Walters";"79FelWal34";"F";"1983-08-01";"64959207";40;3715;"5059409927"
7935;1768;"Louis";"Johnson";"79LouJoh35";"M";"2015-09-02";"13718510";8;8972;"5056440496"
7936;1769;"Michelle";"Bentley";"79MicBen36";"F";"2009-10-17";"88821232";14;2918;"5056153088"
7937;1739;"Lynn";"Tyler";"79LynTyl37";"F";"1987-08-08";"74215237";36;5422;"5053741714"
7938;1253;"Todd";"Torres";"79TodTor38";"M";"1989-08-05";"22375406";34;9646;"5056462976"
7939;1722;"Carla";"Harrington";"79CarHar39";"F";"2014-09-08";"13871823";9;5407;"2283685805"
7940;1571;"Jerome";"Clark";"79JerCla40";"M";"1986-06-03";"44541521";37;6463;"3173629487"
7941;1773;"Timothy";"Schroeder";"79TimSch41";"M";"1960-11-19";"10679985";63;9768;"3269762736"
7942;1117;"Kathy";"Terry";"79KatTer42";"F";"1998-04-01";"47099746";25;1763;"5056658518"
7943;1811;"Sharon";"Rogers";"79ShaRog43";"F";"2017-05-17";"19290447";6;6430;"5058296736"
7944;1463;"Jeffrey";"Heath";"79JefHea44";"M";"2005-03-05";"45265895";18;2260;"2017930058"
7945;1266;"Amanda";"Morrow";"79AmaMor45";"F";"1985-04-15";"76759786";38;8282;"5056716671"
7946;1424;"Daniel";"Hernandez";"79DanHer46";"M";"1951-07-03";"72221111";72;4313;"5053385561"
7947;1226;"James";"Serrano";"79JamSer47";"M";"1977-11-12";"86536036";46;5614;"9147153406"
7948;1554;"Karen";"Caldwell";"79KarCal48";"F";"1989-03-11";"42613412";34;4972;"2105843281"
7949;1405;"David";"Wilson";"79DavWil49";"M";"1993-09-26";"66539887";30;5198;"5056832033"
7950;1920;"Ashley";"Simon";"79AshSim50";"F";"1955-08-04";"12284337";68;2672;"5058498454"
7951;1231;"Ronald";"Watson";"79RonWat51";"M";"2008-01-02";"38463322";15;1827;"2073122714"
7952;1136;"Sylvia";"Garcia";"79SylGar52";"F";"1950-03-15";"76993811";73;4472;"2237743864"
7953;1289;"Krista";"Garcia";"79KriGar53";"F";"1962-07-12";"75711094";61;9145;"5056161290"
7954;1913;"Robert";"Silva";"79RobSil54";"M";"2007-06-02";"14419658";16;2339;"3186797355"
7955;1125;"Emma";"Pope";"79EmmPop55";"F";"1954-07-25";"84377858";69;1076;"5056443518"
7956;1342;"Angela";"White";"79AngWhi56";"F";"1969-06-13";"53532445";54;4739;"2105589688"
7957;1252;"Justin";"Davis";"79JusDav57";"M";"1970-08-21";"50071905";53;4190;"5056945770"
7958;1953;"Stephen";"Brown";"79SteBro58";"M";"1998-04-28";"44634658";25;4196;"5056467895"
7959;1932;"Jonathan";"Campbell";"79JonCam59";"M";"1966-10-07";"21455261";57;7737;"2184338948"
7960;1644;"Tracy";"Monroe";"79TraMon60";"F";"1951-09-05";"47503837";72;8292;"3106200228"
7961;1181;"Ashley";"Boyle";"79AshBoy61";"F";"1988-03-02";"78896550";35;7328;"5056440926"
7962;1626;"Eric";"Perry";"79EriPer62";"M";"2014-01-01";"77102318";9;2386;"3087809225"
7963;1328;"Trevor";"Johnson";"79TreJoh63";"M";"1975-09-11";"41871658";48;1120;"5056726005"
7964;1099;"Nathaniel";"Robinson";"79NatRob64";"M";"1970-06-16";"77416171";53;9917;"3239901257"
7965;1494;"Christine";"Carey";"79ChrCar65";"F";"1957-04-05";"50269649";66;4091;"5056463767"
7966;1204;"Steven";"Mercer";"79SteMer66";"M";"1964-10-04";"27246479";59;1100;"5022953717"
7967;1525;"Nicholas";"Swanson";"79NicSwa67";"M";"1956-05-21";"31746669";67;5860;"5056465508"
7968;1122;"Lisa";"Knight";"79LisKni68";"F";"2002-10-20";"44463184";21;3182;"5054094083"
7969;1464;"Kenneth";"Murphy";"79KenMur69";"M";"1989-03-14";"40487360";34;4410;"5056469020"
7970;1587;"Nicholas";"Mills";"79NicMil70";"M";"2004-04-17";"30239180";19;7980;"5056440962"
7971;1119;"Terry";"Hayes";"79TerHay71";"M";"1961-06-01";"30559061";62;4788;"4157578029"
7972;1649;"Richard";"Faulkner";"79RicFau72";"M";"1996-11-15";"23427966";27;6031;"5395447581"
7973;1958;"Philip";"Reyes";"79PhiRey73";"M";"1965-09-08";"42123397";58;2545;"2186242048"
7974;1651;"Melissa";"Ryan";"79MelRya74";"F";"2006-10-18";"54099939";17;6067;"5027069080"
7975;1712;"Jerry";"Rich";"79JerRic75";"M";"2008-05-17";"23417541";15;7891;"4235232802"
7976;1077;"Fernando";"Neal";"79FerNea76";"M";"2007-06-01";"99986499";16;9011;"2194937714"
7977;1267;"Christopher";"Miller";"79ChrMil77";"M";"1975-09-08";"89946855";48;7864;"2085441562"
7978;1570;"Tammy";"Allen";"79TamAll78";"F";"1967-01-10";"46869031";56;6986;"5056462634"
7979;1358;"Regina";"Calderon";"79RegCal79";"F";"1975-10-18";"22382612";48;6192;"6313707294"
7980;1302;"Jose";"Rosales";"79JosRos80";"M";"1952-06-25";"46248002";71;9906;"3056581008"
7981;1625;"Kelly";"Alvarez";"79KelAlv81";"M";"1961-05-12";"75667483";62;6592;"5056062565"
7982;1427;"Brenda";"Roth";"79BreRot82";"F";"1987-11-18";"88053675";36;1926;"2013468378"
7983;1123;"Regina";"Reid";"79RegRei83";"F";"1995-12-02";"92207747";28;7014;"2067815975"
7984;1235;"Jesse";"Daniels";"79JesDan84";"M";"1982-06-21";"62709882";41;7721;"6124646000"
7985;1019;"Corey";"Ruiz";"79CorRui85";"M";"1994-03-02";"65745900";29;3019;"5058665917"
7986;1566;"Justin";"Hamilton";"79JusHam86";"M";"2000-10-02";"80296644";23;2619;"5056954628"
7987;1376;"Gary";"Franklin";"79GarFra87";"M";"1982-01-18";"68527620";41;6305;"5056636220"
7988;1749;"Matthew";"Mcdaniel";"79MatMcd88";"M";"1976-08-06";"43142738";47;6546;"6235433829"
7989;2000;"Nicholas";"Walker";"79NicWal89";"M";"1971-03-23";"86378990";52;1350;"2078719382"
7990;1549;"Ryan";"Bryant";"79RyaBry90";"M";"2012-11-07";"55927301";11;4157;"2129171180"
7991;1135;"Yvette";"Reed";"79YveRee91";"F";"2017-02-03";"70464187";6;8218;"2184480981"
7992;1092;"David";"Miller";"79DavMil92";"M";"1979-03-22";"43419095";44;6656;"5056442319"
7993;1081;"Sheryl";"Taylor";"79SheTay93";"F";"1984-01-01";"28659818";39;6239;"4258544284"
7994;1394;"Christopher";"Hughes";"79ChrHug94";"M";"1971-08-12";"99066807";52;7840;"2017388019"
7995;1724;"Stephen";"Robinson";"79SteRob95";"M";"2013-08-15";"75818011";10;1092;"2018774127"
7996;1165;"Laura";"Tate";"79LauTat96";"F";"1959-05-03";"88469825";64;5320;"5056444447"
7997;1029;"Keith";"Lee";"79KeiLee97";"M";"1957-11-02";"16313022";66;2939;"2198867247"
7998;1247;"Gregory";"Stevens";"79GreSte98";"M";"1989-09-27";"41805518";34;8868;"5056440720"
7999;1864;"Kevin";"Evans";"79KevEva99";"M";"1990-11-15";"76264542";33;7034;"7084692006"
