"ticketNumber";"classType";"PsgID";"dateOfFlight";"standardPrice";"cancelled"
1000;"PREMIUM ECONOMY";7342;"2023-04-22";7124.0;0
1001;"BUSINESS CLASS";7778;"2023-11-13";6877.0;0
1002;"FIRST CLASS";7858;"2023-06-23";3852.0;0
1003;"BUSINESS CLASS";7171;"2023-04-24";4434.0;0
1004;"ECONOMIC CLASS";7130;"2024-08-03";6864.0;0
1005;"PREMIUM ECONOMY";7675;"2023-11-01";3686.0;1
1006;"FIRST CLASS";7970;"2023-03-10";1864.0;0
1007;"COMFORT+";7083;"2024-06-08";4376.0;0
1008;"BUSINESS CLASS";7729;"2023-10-05";4095.0;0
1009;"BUSINESS CLASS";7207;"2023-05-30";7379.0;0
1010;"FIRST CLASS";7446;"2023-08-08";2315.0;0
1011;"PREMIUM ECONOMY";7436;"2024-02-13";6438.0;0
1012;"PREMIUM ECONOMY";7089;"2023-12-03";6683.0;0
1013;"ECONOMIC CLASS";7662;"2023-08-09";2569.0;0
1014;"BUSINESS CLASS";7777;"2024-12-14";9844.0;0
1015;"PREMIUM ECONOMY";7280;"2024-10-19";2371.0;0
1016;"FIRST CLASS";7868;"2024-07-05";9937.0;1
1017;"COMFORT+";7606;"2024-05-13";8071.0;0
1018;"PREMIUM ECONOMY";7008;"2023-01-29";9230.0;0
1019;"FIRST CLASS";7079;"2023-12-07";340.0;0
1020;"PREMIUM ECONOMY";7756;"2024-06-10";2336.0;0
1021;"ECONOMIC CLASS";7610;"2023-05-20";7735.0;0
1022;"PREMIUM ECONOMY";7793;"2024-01-03";813.0;0
1023;"ECONOMIC CLASS";7800;"2023-01-05";111.0;0
1024;"PREMIUM ECONOMY";7352;"2023-07-21";9623.0;0
1025;"ECONOMIC CLASS";7707;"2024-07-09";293.0;0
1026;"BUSINESS CLASS";7850;"2023-09-19";9230.0;0
1027;"FIRST CLASS";7469;"2023-02-02";4976.0;0
1028;"PREMIUM ECONOMY";7418;"2024-05-19";7846.0;0
1029;"ECONOMIC CLASS";7398;"2023-07-15";4912.0;0
1030;"ECONOMIC CLASS";7864;"2023-05-13";7514.0;0
1031;"BUSINESS CLASS";7862;"2024-09-20";692.0;0
1032;"COMFORT+";7894;"2024-03-09";9868.0;0
1033;"FIRST CLASS";7718;"2023-03-01";7022.0;0
1034;"PREMIUM ECONOMY";7458;"2023-06-01";2779.0;0
1035;"COMFORT+";7294;"2023-08-20";7182.0;0
1036;"PREMIUM ECONOMY";7307;"2023-08-31";5092.0;0
1037;"COMFORT+";7629;"2023-04-12";1661.0;0
1038;"COMFORT+";7036;"2024-07-23";608.0;0
1039;"COMFORT+";7282;"2024-10-05";2593.0;0
1040;"BUSINESS CLASS";7972;"2023-05-03";9083.0;0
1041;"ECONOMIC CLASS";7495;"2023-07-16";7820.0;0
1042;"FIRST CLASS";7811;"2023-04-20";1452.0;0
1043;"COMFORT+";7915;"2024-08-25";1748.0;0
1044;"PREMIUM ECONOMY";7451;"2024-12-08";4054.0;0
1045;"ECONOMIC CLASS";7195;"2023-07-18";4308.0;0
1046;"COMFORT+";7969;"2023-04-01";7925.0;0
1047;"COMFORT+";7933;"2023-10-12";3305.0;0
1048;"BUSINESS CLASS";7734;"2023-06-29";8084.0;0
1049;"PREMIUM ECONOMY";7596;"2024-08-02";1982.0;0
1050;"FIRST CLASS";7812;"2023-01-19";3442.0;0
1051;"PREMIUM ECONOMY";7073;"2023-02-09";2663.0;0
1052;"FIRST CLASS";7865;"2024-01-13";8125.0;0
1053;"FIRST CLASS";7733;"2024-05-27";1352.0;0
1054;"BUSINESS CLASS";7900;"2023-08-10";4291.0;0
1055;"FIRST CLASS";7919;"2023-09-15";4779.0;0
1056;"BUSINESS CLASS";7480;"2023-08-31";4222.0;0
1057;"COMFORT+";7143;"2023-10-30";4381.0;0
1058;"COMFORT+";7689;"2024-07-27";4855.0;0
1059;"PREMIUM ECONOMY";7993;"2024-05-31";966.0;0
1060;"BUSINESS CLASS";7705;"2023-06-18";6056.0;0
1061;"ECONOMIC CLASS";7725;"2023-03-30";209.0;0
1062;"ECONOMIC CLASS";7746;"2024-01-11";6675.0;0
1063;"BUSINESS CLASS";7681;"2023-01-29";1417.0;0
1064;"BUSINESS CLASS";7623;"2024-03-27";7170.0;0
1065;"PREMIUM ECONOMY";7658;"2024-08-31";291.0;0
1066;"BUSINESS CLASS";7792;"2024-12-29";5440.0;0
1067;"ECONOMIC CLASS";7673;"2024-03-29";7415.0;0
1068;"BUSINESS CLASS";7263;"2023-07-02";5336.0;0
1069;"BUSINESS CLASS";7676;"2024-09-23";450.0;0
1070;"PREMIUM ECONOMY";7870;"2023-10-21";4613.0;0
1071;"ECONOMIC CLASS";7007;"2024-02-03";5415.0;0
1072;"BUSINESS CLASS";7221;"2024-02-06";3584.0;0
1073;"FIRST CLASS";7446;"2024-12-09";3135.0;0
1074;"FIRST CLASS";7457;"2024-10-10";9678.0;0
1075;"FIRST CLASS";7252;"2024-10-28";7664.0;0
1076;"PREMIUM ECONOMY";7984;"2024-03-25";4463.0;0
1077;"ECONOMIC CLASS";7518;"2023-05-11";7963.0;0
1078;"FIRST CLASS";7509;"2024-11-17";2203.0;0
1079;"COMFORT+";7438;"2024-10-24";7354.0;0
1080;"BUSINESS CLASS";7305;"2024-08-06";3202.0;0
1081;"COMFORT+";7556;"2024-03-14";389.0;0
1082;"COMFORT+";7375;"2024-05-14";6809.0;0
1083;"BUSINESS CLASS";7810;"2024-07-16";9156.0;0
1084;"ECONOMIC CLASS";7650;"2023-08-01";7290.0;0
1085;"BUSINESS CLASS";7229;"2024-05-17";2884.0;0
1086;"BUSINESS CLASS";7021;"2023-09-20";2863.0;0
1087;"ECONOMIC CLASS";7333;"2024-11-19";5234.0;0
1088;"ECONOMIC CLASS";7582;"2023-08-20";8621.0;0
1089;"PREMIUM ECONOMY";7479;"2024-04-24";1331.0;1
1090;"PREMIUM ECONOMY";7513;"2023-03-12";9957.0;0
1091;"BUSINESS CLASS";7290;"2023-07-11";1466.0;0
1092;"PREMIUM ECONOMY";7875;"2024-04-01";6158.0;0
1093;"ECONOMIC CLASS";7425;"2023-02-25";1659.0;0
1094;"PREMIUM ECONOMY";7407;"2023-10-07";3598.0;0
1095;"COMFORT+";7853;"2023-11-30";7841.0;0
1096;"BUSINESS CLASS";7519;"2024-05-05";5510.0;0
1097;"FIRST CLASS";7940;"2023-06-01";1832.0;0
1098;"PREMIUM ECONOMY";7601;"2023-04-16";1213.0;0
1099;"FIRST CLASS";7218;"2024-02-03";1906.0;0
1100;"PREMIUM ECONOMY";7954;"2023-08-11";2014.0;0
1101;"BUSINESS CLASS";7785;"2024-04-26";8882.0;0
1102;"COMFORT+";7958;"2024-10-30";8476.0;0
1103;"ECONOMIC CLASS";7620;"2023-12-02";1211.0;1
1104;"COMFORT+";7144;"2024-08-24";1778.0;0
1105;"ECONOMIC CLASS";7143;"2024-04-13";5973.0;0
1106;"PREMIUM ECONOMY";7401;"2023-01-08";8832.0;0
1107;"ECONOMIC CLASS";7756;"2024-02-24";7112.0;0
1108;"PREMIUM ECONOMY";7516;"2024-01-29";2626.0;0
1109;"COMFORT+";7225;"2024-11-22";4103.0;0
1110;"BUSINESS CLASS";7135;"2023-11-25";2115.0;0
1111;"FIRST CLASS";7232;"2023-05-24";4951.0;0
1112;"COMFORT+";7341;"2024-12-15";8328.0;0
1113;"BUSINESS CLASS";7398;"2024-06-09";1360.0;0
1114;"COMFORT+";7419;"2024-05-23";9371.0;0
1115;"ECONOMIC CLASS";7864;"2024-11-23";7692.0;0
1116;"COMFORT+";7983;"2024-06-27";1019.0;0
1117;"BUSINESS CLASS";7846;"2023-09-30";2326.0;0
1118;"BUSINESS CLASS";7842;"2023-03-27";7380.0;0
1119;"COMFORT+";7441;"2023-05-16";7612.0;0
1120;"PREMIUM ECONOMY";7010;"2024-11-15";8256.0;1
1121;"COMFORT+";7579;"2023-05-19";7661.0;0
1122;"BUSINESS CLASS";7235;"2024-04-30";2561.0;0
1123;"PREMIUM ECONOMY";7405;"2024-03-31";9124.0;0
1124;"ECONOMIC CLASS";7870;"2023-12-14";7683.0;0
1125;"PREMIUM ECONOMY";7808;"2024-05-30";1558.0;0
1126;"PREMIUM ECONOMY";7966;"2024-07-26";7703.0;0
1127;"COMFORT+";7095;"2024-06-23";7091.0;0
1128;"COMFORT+";7067;"2023-05-13";6275.0;0
1129;"BUSINESS CLASS";7828;"2024-01-30";1787.0;0
1130;"COMFORT+";7364;"2024-03-30";4865.0;0
1131;"BUSINESS CLASS";7048;"2023-06-17";6889.0;0
1132;"PREMIUM ECONOMY";7796;"2024-02-26";8418.0;0
1133;"FIRST CLASS";7896;"2023-01-31";7775.0;0
1134;"COMFORT+";7536;"2024-03-27";5173.0;0
1135;"FIRST CLASS";7035;"2024-04-10";4460.0;0
1136;"FIRST CLASS";7073;"2024-06-07";8180.0;0
1137;"BUSINESS CLASS";7726;"2024-10-25";4846.0;0
1138;"COMFORT+";7231;"2024-06-02";7318.0;0
1139;"PREMIUM ECONOMY";7814;"2024-01-02";4475.0;0
1140;"ECONOMIC CLASS";7682;"2024-08-25";2071.0;0
1141;"PREMIUM ECONOMY";7816;"2024-05-23";2408.0;0
1142;"BUSINESS CLASS";7498;"2024-05-17";2709.0;0
1143;"ECONOMIC CLASS";7383;"2024-02-27";4057.0;0
1144;"BUSINESS CLASS";7055;"2023-05-13";2427.0;0
1145;"FIRST CLASS";7212;"2023-06-13";5529.0;0
1146;"PREMIUM ECONOMY";7790;"2024-11-04";9840.0;0
1147;"BUSINESS CLASS";7193;"2024-08-06";5535.0;0
1148;"FIRST CLASS";7139;"2023-11-17";1263.0;0
1149;"COMFORT+";7609;"2024-08-26";9160.0;0
1150;"PREMIUM ECONOMY";7638;"2024-11-24";3867.0;0
1151;"COMFORT+";7367;"2023-01-04";2872.0;0
1152;"BUSINESS CLASS";7756;"2024-05-15";7798.0;0
1153;"BUSINESS CLASS";7588;"2023-05-22";9066.0;0
1154;"BUSINESS CLASS";7252;"2024-08-18";8406.0;0
1155;"FIRST CLASS";7884;"2024-07-28";653.0;0
1156;"COMFORT+";7966;"2023-03-16";3567.0;0
1157;"PREMIUM ECONOMY";7617;"2024-08-18";1069.0;0
1158;"FIRST CLASS";7230;"2023-02-21";698.0;0
1159;"FIRST CLASS";7020;"2024-10-16";7009.0;0
1160;"COMFORT+";7334;"2023-05-05";1920.0;0
1161;"COMFORT+";7370;"2023-03-31";4458.0;0
1162;"PREMIUM ECONOMY";7195;"2024-10-22";3962.0;0
1163;"ECONOMIC CLASS";7753;"2023-03-08";1642.0;0
1164;"COMFORT+";7632;"2023-05-31";4225.0;0
1165;"PREMIUM ECONOMY";7721;"2023-02-07";6483.0;0
1166;"BUSINESS CLASS";7241;"2023-03-30";5367.0;0
1167;"FIRST CLASS";7978;"2023-07-07";6221.0;0
1168;"COMFORT+";7141;"2023-09-10";3754.0;0
1169;"ECONOMIC CLASS";7506;"2024-12-26";9294.0;0
1170;"FIRST CLASS";7534;"2024-07-17";9083.0;0
1171;"COMFORT+";7162;"2023-09-22";9167.0;0
1172;"BUSINESS CLASS";7709;"2024-08-11";6218.0;0
1173;"COMFORT+";7128;"2023-05-02";1077.0;0
1174;"COMFORT+";7477;"2024-05-11";9682.0;0
1175;"ECONOMIC CLASS";7346;"2024-05-12";5182.0;0
1176;"PREMIUM ECONOMY";7931;"2023-09-11";7080.0;0
1177;"ECONOMIC CLASS";7202;"2023-06-10";6795.0;0
1178;"COMFORT+";7879;"2024-08-30";9272.0;0
1179;"PREMIUM ECONOMY";7278;"2023-04-16";8482.0;0
1180;"COMFORT+";7515;"2023-12-10";6241.0;0
1181;"FIRST CLASS";7972;"2023-11-01";9734.0;0
1182;"BUSINESS CLASS";7302;"2023-02-04";8938.0;0
1183;"FIRST CLASS";7862;"2024-10-12";360.0;0
1184;"PREMIUM ECONOMY";7741;"2024-11-09";729.0;0
1185;"BUSINESS CLASS";7292;"2024-07-10";7772.0;0
1186;"COMFORT+";7434;"2024-05-21";7594.0;0
1187;"COMFORT+";7523;"2024-08-16";5167.0;0
1188;"PREMIUM ECONOMY";7185;"2024-03-11";6971.0;0
1189;"ECONOMIC CLASS";7157;"2023-11-09";401.0;0
1190;"BUSINESS CLASS";7898;"2024-09-11";7853.0;0
1191;"COMFORT+";7114;"2023-12-26";3096.0;0
1192;"PREMIUM ECONOMY";7521;"2024-07-13";5001.0;0
1193;"PREMIUM ECONOMY";7045;"2024-05-13";8319.0;0
1194;"ECONOMIC CLASS";7623;"2024-05-31";417.0;0
1195;"COMFORT+";7166;"2024-03-17";2112.0;0
1196;"COMFORT+";7018;"2023-05-30";7945.0;0
1197;"BUSINESS CLASS";7460;"2023-01-12";1454.0;0
1198;"COMFORT+";7466;"2024-07-02";5984.0;0
1199;"PREMIUM ECONOMY";7192;"2023-04-04";7527.0;0
1200;"PREMIUM ECONOMY";7781;"2024-08-18";1248.0;0
1201;"PREMIUM ECONOMY";7301;"2023-03-31";324.0;0
1202;"COMFORT+";7201;"2024-11-11";9891.0;0
1203;"FIRST CLASS";7871;"2023-05-26";8833.0;0
1204;"ECONOMIC CLASS";7339;"2023-09-20";1365.0;0
1205;"COMFORT+";7861;"2024-09-17";1708.0;0
1206;"COMFORT+";7590;"2024-02-11";3888.0;0
1207;"PREMIUM ECONOMY";7685;"2024-07-27";8150.0;0
1208;"FIRST CLASS";7512;"2024-09-12";3738.0;0
1209;"ECONOMIC CLASS";7456;"2024-03-28";2721.0;0
1210;"FIRST CLASS";7880;"2023-10-07";3347.0;0
1211;"ECONOMIC CLASS";7518;"2024-12-31";9158.0;0
1212;"BUSINESS CLASS";7893;"2023-10-08";7121.0;0
1213;"ECONOMIC CLASS";7094;"2024-10-20";8650.0;0
1214;"ECONOMIC CLASS";7859;"2023-05-24";530.0;1
1215;"FIRST CLASS";7655;"2024-05-27";8053.0;0
1216;"COMFORT+";7893;"2024-08-17";9531.0;0
1217;"COMFORT+";7493;"2024-05-23";9872.0;0
1218;"BUSINESS CLASS";7838;"2024-05-07";2556.0;0
1219;"FIRST CLASS";7823;"2023-02-05";5685.0;0
1220;"ECONOMIC CLASS";7204;"2024-07-16";9781.0;0
1221;"PREMIUM ECONOMY";7014;"2024-11-13";1219.0;0
1222;"BUSINESS CLASS";7068;"2023-12-01";832.0;0
1223;"FIRST CLASS";7459;"2023-04-06";8218.0;0
1224;"PREMIUM ECONOMY";7667;"2023-10-26";5209.0;0
1225;"FIRST CLASS";7204;"2023-04-12";7474.0;0
1226;"ECONOMIC CLASS";7839;"2024-08-12";8798.0;0
1227;"PREMIUM ECONOMY";7362;"2024-08-25";2255.0;0
1228;"BUSINESS CLASS";7038;"2023-10-10";6283.0;0
1229;"BUSINESS CLASS";7098;"2023-03-16";7135.0;0
1230;"PREMIUM ECONOMY";7860;"2024-02-06";5439.0;0
1231;"ECONOMIC CLASS";7975;"2024-08-15";9723.0;0
1232;"PREMIUM ECONOMY";7429;"2023-10-18";1944.0;0
1233;"BUSINESS CLASS";7604;"2024-11-08";1878.0;0
1234;"PREMIUM ECONOMY";7994;"2023-12-31";5784.0;0
1235;"COMFORT+";7717;"2023-01-31";7276.0;0
1236;"FIRST CLASS";7163;"2023-06-11";5522.0;0
1237;"FIRST CLASS";7436;"2023-02-02";5550.0;0
1238;"FIRST CLASS";7900;"2023-04-05";6508.0;0
1239;"FIRST CLASS";7715;"2024-11-19";1833.0;0
1240;"FIRST CLASS";7405;"2023-08-01";1686.0;0
1241;"ECONOMIC CLASS";7883;"2024-11-12";2875.0;0
1242;"FIRST CLASS";7835;"2024-12-30";2190.0;0
1243;"PREMIUM ECONOMY";7398;"2024-08-26";5185.0;0
1244;"COMFORT+";7208;"2024-02-11";9904.0;0
1245;"COMFORT+";7247;"2023-10-06";745.0;0
1246;"COMFORT+";7999;"2024-07-04";2286.0;0
1247;"FIRST CLASS";7811;"2024-05-29";5587.0;0
1248;"PREMIUM ECONOMY";7780;"2023-07-11";4311.0;0
1249;"BUSINESS CLASS";7446;"2024-01-31";5414.0;0
1250;"PREMIUM ECONOMY";7676;"2023-03-15";8477.0;0
1251;"PREMIUM ECONOMY";7976;"2023-10-03";3038.0;0
1252;"FIRST CLASS";7740;"2023-08-30";4029.0;0
1253;"ECONOMIC CLASS";7866;"2023-01-17";1496.0;0
1254;"FIRST CLASS";7759;"2024-08-15";4168.0;0
1255;"PREMIUM ECONOMY";7351;"2024-06-12";4603.0;0
1256;"BUSINESS CLASS";7425;"2023-05-07";2323.0;0
1257;"COMFORT+";7412;"2023-08-07";7217.0;1
1258;"FIRST CLASS";7740;"2024-01-15";1200.0;0
1259;"BUSINESS CLASS";7549;"2024-08-13";3023.0;0
1260;"FIRST CLASS";7329;"2024-03-05";9287.0;0
1261;"BUSINESS CLASS";7131;"2024-05-19";7348.0;0
1262;"COMFORT+";7278;"2023-03-03";8215.0;0
1263;"ECONOMIC CLASS";7562;"2023-07-29";9818.0;0
1264;"ECONOMIC CLASS";7917;"2023-04-05";3257.0;0
1265;"FIRST CLASS";7989;"2023-12-27";7519.0;0
1266;"FIRST CLASS";7226;"2024-02-09";9510.0;0
1267;"COMFORT+";7921;"2024-06-02";1730.0;0
1268;"BUSINESS CLASS";7264;"2024-11-16";6912.0;0
1269;"BUSINESS CLASS";7110;"2023-09-06";9166.0;0
1270;"COMFORT+";7737;"2024-03-22";1589.0;0
1271;"PREMIUM ECONOMY";7036;"2023-12-26";2426.0;0
1272;"PREMIUM ECONOMY";7008;"2023-06-25";4691.0;0
1273;"BUSINESS CLASS";7340;"2023-07-08";2103.0;0
1274;"BUSINESS CLASS";7133;"2023-10-15";1778.0;0
1275;"FIRST CLASS";7140;"2024-08-14";7425.0;0
1276;"PREMIUM ECONOMY";7224;"2023-06-22";5796.0;0
1277;"BUSINESS CLASS";7992;"2023-07-12";2792.0;0
1278;"FIRST CLASS";7501;"2023-07-02";5596.0;0
1279;"ECONOMIC CLASS";7999;"2023-01-07";9897.0;0
1280;"BUSINESS CLASS";7880;"2023-10-19";6567.0;0
1281;"BUSINESS CLASS";7844;"2024-09-06";6100.0;0
1282;"BUSINESS CLASS";7437;"2023-11-11";6719.0;0
1283;"PREMIUM ECONOMY";7486;"2024-02-29";3786.0;0
1284;"FIRST CLASS";7037;"2023-02-08";4384.0;0
1285;"COMFORT+";7180;"2023-07-30";1119.0;0
1286;"PREMIUM ECONOMY";7151;"2024-12-22";1598.0;0
1287;"COMFORT+";7114;"2023-06-28";8100.0;0
1288;"BUSINESS CLASS";7159;"2024-05-03";1708.0;0
1289;"COMFORT+";7093;"2024-03-09";1832.0;0
1290;"COMFORT+";7056;"2023-05-06";7323.0;0
1291;"PREMIUM ECONOMY";7468;"2023-09-21";8449.0;0
1292;"FIRST CLASS";7102;"2024-08-30";9668.0;0
1293;"PREMIUM ECONOMY";7412;"2023-08-28";7835.0;0
1294;"ECONOMIC CLASS";7602;"2023-05-29";3349.0;0
1295;"FIRST CLASS";7873;"2024-10-01";8086.0;0
1296;"BUSINESS CLASS";7506;"2024-12-18";7048.0;0
1297;"BUSINESS CLASS";7123;"2024-04-09";3245.0;0
1298;"BUSINESS CLASS";7858;"2024-12-12";6019.0;0
1299;"FIRST CLASS";7369;"2023-12-13";9366.0;0
1300;"FIRST CLASS";7423;"2024-12-12";9782.0;0
1301;"COMFORT+";7541;"2024-02-19";7697.0;0
1302;"PREMIUM ECONOMY";7712;"2023-06-13";7194.0;0
1303;"BUSINESS CLASS";7325;"2023-01-02";6098.0;0
1304;"COMFORT+";7861;"2023-03-12";3394.0;0
1305;"BUSINESS CLASS";7968;"2024-06-29";7374.0;0
1306;"BUSINESS CLASS";7730;"2024-03-13";7676.0;0
1307;"BUSINESS CLASS";7349;"2024-10-02";6433.0;0
1308;"PREMIUM ECONOMY";7922;"2024-09-21";5130.0;0
1309;"COMFORT+";7255;"2023-10-15";5528.0;0
1310;"PREMIUM ECONOMY";7149;"2023-10-23";1588.0;0
1311;"ECONOMIC CLASS";7776;"2023-09-06";8792.0;0
1312;"PREMIUM ECONOMY";7245;"2023-01-17";7543.0;0
1313;"PREMIUM ECONOMY";7999;"2023-07-24";6848.0;0
1314;"COMFORT+";7584;"2024-02-24";8649.0;0
1315;"ECONOMIC CLASS";7534;"2023-02-28";7212.0;0
1316;"PREMIUM ECONOMY";7772;"2023-12-06";9405.0;1
1317;"COMFORT+";7723;"2023-04-21";6500.0;0
1318;"ECONOMIC CLASS";7718;"2024-07-17";7680.0;0
1319;"ECONOMIC CLASS";7149;"2023-01-11";4959.0;0
1320;"ECONOMIC CLASS";7972;"2024-12-21";3639.0;0
1321;"BUSINESS CLASS";7199;"2024-09-19";8183.0;0
1322;"FIRST CLASS";7076;"2024-07-21";1172.0;0
1323;"BUSINESS CLASS";7665;"2024-02-12";7704.0;0
1324;"BUSINESS CLASS";7845;"2024-06-28";7254.0;0
1325;"BUSINESS CLASS";7575;"2024-12-25";318.0;0
1326;"FIRST CLASS";7340;"2024-03-05";8832.0;0
1327;"FIRST CLASS";7228;"2024-06-08";3389.0;0
1328;"COMFORT+";7745;"2024-03-24";8632.0;0
1329;"PREMIUM ECONOMY";7811;"2024-01-24";1701.0;0
1330;"COMFORT+";7275;"2023-10-30";4296.0;0
1331;"COMFORT+";7445;"2023-08-27";6768.0;0
1332;"FIRST CLASS";7165;"2023-01-29";1941.0;0
1333;"PREMIUM ECONOMY";7226;"2023-10-05";404.0;0
1334;"BUSINESS CLASS";7320;"2024-09-15";2491.0;0
1335;"COMFORT+";7252;"2024-10-01";9273.0;0
1336;"BUSINESS CLASS";7348;"2024-08-09";6752.0;0
1337;"PREMIUM ECONOMY";7645;"2023-09-04";9972.0;0
1338;"COMFORT+";7423;"2024-08-17";9295.0;0
1339;"PREMIUM ECONOMY";7743;"2024-01-23";8730.0;0
1340;"FIRST CLASS";7799;"2024-12-17";7333.0;0
1341;"FIRST CLASS";7017;"2024-06-09";9355.0;0
1342;"BUSINESS CLASS";7519;"2024-12-02";4870.0;1
1343;"FIRST CLASS";7465;"2024-10-11";8663.0;0
1344;"COMFORT+";7423;"2024-05-28";7298.0;0
1345;"ECONOMIC CLASS";7687;"2023-08-07";7580.0;0
1346;"ECONOMIC CLASS";7066;"2023-06-04";8455.0;0
1347;"FIRST CLASS";7323;"2023-01-20";4964.0;0
1348;"BUSINESS CLASS";7610;"2024-08-19";9923.0;0
1349;"FIRST CLASS";7602;"2024-11-28";9933.0;0
1350;"FIRST CLASS";7041;"2023-08-12";6658.0;0
1351;"COMFORT+";7133;"2024-05-04";1358.0;0
1352;"PREMIUM ECONOMY";7723;"2023-08-12";2766.0;0
1353;"COMFORT+";7972;"2023-12-11";7479.0;0
1354;"FIRST CLASS";7583;"2023-11-13";4633.0;0
1355;"BUSINESS CLASS";7466;"2024-08-28";9500.0;0
1356;"COMFORT+";7338;"2024-08-18";942.0;0
1357;"ECONOMIC CLASS";7234;"2024-06-01";3842.0;0
1358;"BUSINESS CLASS";7503;"2024-03-12";5960.0;0
1359;"ECONOMIC CLASS";7298;"2023-12-04";4937.0;0
1360;"PREMIUM ECONOMY";7095;"2024-05-11";3109.0;0
1361;"COMFORT+";7564;"2023-10-10";1735.0;0
1362;"FIRST CLASS";7100;"2023-09-30";9086.0;0
1363;"COMFORT+";7950;"2023-09-06";4535.0;0
1364;"FIRST CLASS";7599;"2023-10-18";4696.0;0
1365;"BUSINESS CLASS";7947;"2023-12-14";5093.0;0
1366;"COMFORT+";7651;"2024-12-09";6785.0;0
1367;"PREMIUM ECONOMY";7312;"2023-07-14";3768.0;0
1368;"ECONOMIC CLASS";7226;"2024-05-12";5086.0;0
1369;"BUSINESS CLASS";7868;"2023-12-19";4417.0;0
1370;"FIRST CLASS";7639;"2023-05-13";690.0;0
1371;"ECONOMIC CLASS";7860;"2023-05-20";852.0;0
1372;"COMFORT+";7599;"2023-01-03";7326.0;0
1373;"PREMIUM ECONOMY";7213;"2023-05-23";2032.0;0
1374;"FIRST CLASS";7342;"2024-11-02";1058.0;0
1375;"COMFORT+";7753;"2024-08-23";8639.0;0
1376;"BUSINESS CLASS";7074;"2023-04-04";5020.0;0
1377;"PREMIUM ECONOMY";7908;"2023-05-04";7905.0;0
1378;"PREMIUM ECONOMY";7479;"2024-03-15";2919.0;0
1379;"BUSINESS CLASS";7747;"2024-08-28";1052.0;0
1380;"ECONOMIC CLASS";7412;"2023-12-10";5579.0;0
1381;"BUSINESS CLASS";7245;"2023-05-23";2643.0;0
1382;"FIRST CLASS";7927;"2024-11-06";9707.0;0
1383;"BUSINESS CLASS";7296;"2023-05-24";8299.0;0
1384;"COMFORT+";7884;"2023-12-09";1160.0;1
1385;"PREMIUM ECONOMY";7289;"2023-01-29";9393.0;0
1386;"ECONOMIC CLASS";7805;"2024-02-20";3352.0;0
1387;"FIRST CLASS";7587;"2023-10-25";5233.0;0
1388;"COMFORT+";7691;"2023-09-15";1153.0;0
1389;"PREMIUM ECONOMY";7242;"2023-04-25";2731.0;0
1390;"BUSINESS CLASS";7969;"2023-08-31";7332.0;0
1391;"BUSINESS CLASS";7776;"2023-04-28";216.0;0
1392;"ECONOMIC CLASS";7013;"2023-08-08";2976.0;0
1393;"PREMIUM ECONOMY";7277;"2024-11-22";2159.0;0
1394;"COMFORT+";7914;"2024-02-14";4750.0;0
1395;"BUSINESS CLASS";7571;"2024-10-13";2784.0;0
1396;"BUSINESS CLASS";7133;"2024-03-26";1183.0;0
1397;"BUSINESS CLASS";7307;"2024-04-04";6012.0;0
1398;"BUSINESS CLASS";7996;"2024-11-24";6505.0;0
1399;"PREMIUM ECONOMY";7873;"2024-05-18";4614.0;0
1400;"BUSINESS CLASS";7685;"2023-06-03";3597.0;0
1401;"COMFORT+";7219;"2024-08-16";9990.0;0
1402;"FIRST CLASS";7652;"2024-12-20";3737.0;0
1403;"PREMIUM ECONOMY";7842;"2024-09-07";4072.0;0
1404;"PREMIUM ECONOMY";7986;"2024-10-19";7986.0;0
1405;"ECONOMIC CLASS";7613;"2023-12-03";6542.0;0
1406;"ECONOMIC CLASS";7340;"2024-05-10";3922.0;0
1407;"ECONOMIC CLASS";7822;"2023-10-20";6069.0;0
1408;"PREMIUM ECONOMY";7201;"2024-01-23";8154.0;0
1409;"COMFORT+";7741;"2023-11-28";5502.0;0
1410;"COMFORT+";7209;"2023-01-19";131.0;0
1411;"FIRST CLASS";7549;"2024-04-16";4141.0;0
1412;"PREMIUM ECONOMY";7880;"2023-08-12";3030.0;0
1413;"FIRST CLASS";7595;"2024-01-26";5833.0;1
1414;"COMFORT+";7141;"2024-05-14";3741.0;0
1415;"BUSINESS CLASS";7783;"2024-02-13";1621.0;0
1416;"PREMIUM ECONOMY";7830;"2023-08-18";8201.0;0
1417;"BUSINESS CLASS";7489;"2023-01-26";830.0;0
1418;"BUSINESS CLASS";7080;"2023-07-02";1578.0;0
1419;"ECONOMIC CLASS";7782;"2024-11-08";7860.0;1
1420;"BUSINESS CLASS";7722;"2023-09-05";7676.0;0
1421;"PREMIUM ECONOMY";7404;"2024-05-06";9693.0;0
1422;"PREMIUM ECONOMY";7919;"2024-12-30";7703.0;0
1423;"BUSINESS CLASS";7014;"2023-10-04";5372.0;0
1424;"BUSINESS CLASS";7078;"2023-03-11";4130.0;0
1425;"FIRST CLASS";7641;"2023-09-20";9115.0;0
1426;"ECONOMIC CLASS";7499;"2023-07-12";9248.0;0
1427;"FIRST CLASS";7389;"2023-02-10";8973.0;0
1428;"PREMIUM ECONOMY";7627;"2024-04-20";1281.0;0
1429;"PREMIUM ECONOMY";7107;"2024-08-07";5091.0;0
1430;"COMFORT+";7358;"2024-10-13";2038.0;0
1431;"COMFORT+";7556;"2024-12-03";939.0;0
1432;"PREMIUM ECONOMY";7772;"2024-04-19";171.0;0
1433;"FIRST CLASS";7666;"2023-01-23";8542.0;0
1434;"PREMIUM ECONOMY";7358;"2023-03-28";8577.0;0
1435;"COMFORT+";7540;"2024-01-17";9084.0;0
1436;"BUSINESS CLASS";7207;"2024-07-18";3952.0;0
1437;"COMFORT+";7798;"2024-10-08";1501.0;0
1438;"PREMIUM ECONOMY";7317;"2024-08-26";6605.0;0
1439;"ECONOMIC CLASS";7551;"2024-02-03";8703.0;0
1440;"BUSINESS CLASS";7156;"2023-11-25";5741.0;0
1441;"ECONOMIC CLASS";7061;"2023-02-10";8031.0;0
1442;"COMFORT+";7947;"2024-05-01";777.0;0
1443;"COMFORT+";7905;"2023-08-08";249.0;0
1444;"ECONOMIC CLASS";7919;"2024-03-07";5717.0;0
1445;"COMFORT+";7723;"2024-12-14";1392.0;0
1446;"BUSINESS CLASS";7935;"2024-03-30";2107.0;0
1447;"FIRST CLASS";7422;"2024-11-16";1536.0;0
1448;"ECONOMIC CLASS";7542;"2024-11-02";8134.0;0
1449;"COMFORT+";7325;"2024-06-27";3743.0;0
1450;"FIRST CLASS";7737;"2024-01-18";9513.0;0
1451;"ECONOMIC CLASS";7352;"2024-12-08";4733.0;1
1452;"PREMIUM ECONOMY";7847;"2023-11-29";7802.0;0
1453;"PREMIUM ECONOMY";7268;"2024-12-23";9516.0;0
1454;"BUSINESS CLASS";7291;"2024-06-11";9182.0;0
1455;"ECONOMIC CLASS";7628;"2024-12-30";7244.0;0
1456;"COMFORT+";7330;"2024-11-01";9691.0;1
1457;"BUSINESS CLASS";7938;"2024-07-26";5665.0;0
1458;"FIRST CLASS";7583;"2024-03-25";4215.0;0
1459;"FIRST CLASS";7427;"2024-01-31";5580.0;0
1460;"COMFORT+";7598;"2023-06-24";4671.0;0
1461;"COMFORT+";7274;"2023-02-16";7850.0;0
1462;"PREMIUM ECONOMY";7027;"2024-11-19";7692.0;0
1463;"FIRST CLASS";7988;"2023-09-25";2296.0;0
1464;"ECONOMIC CLASS";7890;"2023-04-15";5735.0;0
1465;"ECONOMIC CLASS";7628;"2024-11-26";4179.0;0
1466;"PREMIUM ECONOMY";7456;"2023-01-21";6749.0;0
1467;"FIRST CLASS";7769;"2023-04-04";2838.0;0
1468;"FIRST CLASS";7384;"2024-04-22";8574.0;0
1469;"FIRST CLASS";7475;"2024-06-11";7273.0;0
1470;"ECONOMIC CLASS";7473;"2023-04-20";5789.0;0
1471;"COMFORT+";7477;"2023-01-02";3192.0;0
1472;"ECONOMIC CLASS";7623;"2024-01-26";9780.0;0
1473;"COMFORT+";7884;"2024-08-22";8273.0;0
1474;"ECONOMIC CLASS";7305;"2024-05-31";8569.0;0
1475;"BUSINESS CLASS";7257;"2024-12-08";9085.0;0
1476;"PREMIUM ECONOMY";7470;"2023-02-16";7302.0;0
1477;"COMFORT+";7872;"2024-01-21";7834.0;0
1478;"PREMIUM ECONOMY";7036;"2024-12-26";4655.0;0
1479;"ECONOMIC CLASS";7916;"2024-01-01";5234.0;0
1480;"BUSINESS CLASS";7756;"2023-10-22";9269.0;0
1481;"COMFORT+";7352;"2023-02-13";4076.0;0
1482;"PREMIUM ECONOMY";7299;"2023-06-05";2942.0;0
1483;"BUSINESS CLASS";7278;"2024-06-29";8433.0;0
1484;"PREMIUM ECONOMY";7950;"2023-08-27";366.0;0
1485;"PREMIUM ECONOMY";7950;"2023-01-10";3054.0;0
1486;"ECONOMIC CLASS";7005;"2023-08-14";2726.0;0
1487;"PREMIUM ECONOMY";7813;"2023-07-12";9249.0;0
1488;"COMFORT+";7226;"2024-11-27";7847.0;0
1489;"BUSINESS CLASS";7973;"2023-10-21";9467.0;0
1490;"ECONOMIC CLASS";7595;"2023-04-16";842.0;0
1491;"FIRST CLASS";7272;"2024-07-25";4632.0;0
1492;"PREMIUM ECONOMY";7241;"2023-05-06";7939.0;0
1493;"PREMIUM ECONOMY";7484;"2023-10-08";9015.0;0
1494;"PREMIUM ECONOMY";7212;"2023-03-06";419.0;0
1495;"COMFORT+";7827;"2024-07-14";8874.0;0
1496;"FIRST CLASS";7670;"2023-08-03";7557.0;0
1497;"COMFORT+";7470;"2024-01-13";975.0;0
1498;"ECONOMIC CLASS";7834;"2024-04-13";5196.0;0
1499;"ECONOMIC CLASS";7301;"2024-04-25";3990.0;0
1500;"ECONOMIC CLASS";7173;"2024-03-09";7040.0;0
1501;"FIRST CLASS";7106;"2024-04-25";3409.0;0
1502;"BUSINESS CLASS";7094;"2024-10-09";4471.0;0
1503;"BUSINESS CLASS";7199;"2023-02-02";8235.0;0
1504;"PREMIUM ECONOMY";7309;"2023-09-11";1501.0;0
1505;"ECONOMIC CLASS";7543;"2024-11-29";2669.0;0
1506;"COMFORT+";7365;"2024-08-23";6228.0;0
1507;"BUSINESS CLASS";7776;"2023-07-09";9035.0;0
1508;"FIRST CLASS";7795;"2024-04-22";5182.0;0
1509;"BUSINESS CLASS";7706;"2024-08-11";8900.0;0
1510;"FIRST CLASS";7837;"2023-01-25";6464.0;0
1511;"PREMIUM ECONOMY";7769;"2024-02-06";4974.0;0
1512;"ECONOMIC CLASS";7530;"2024-11-28";8126.0;0
1513;"COMFORT+";7952;"2023-08-26";2432.0;0
1514;"PREMIUM ECONOMY";7403;"2024-06-21";2017.0;0
1515;"COMFORT+";7988;"2024-03-11";9142.0;0
1516;"COMFORT+";7884;"2024-10-05";9821.0;0
1517;"BUSINESS CLASS";7207;"2023-10-21";4737.0;0
1518;"FIRST CLASS";7183;"2024-04-06";8698.0;0
1519;"COMFORT+";7314;"2023-08-06";297.0;0
1520;"COMFORT+";7823;"2023-04-14";3516.0;0
1521;"PREMIUM ECONOMY";7079;"2023-11-22";8887.0;0
1522;"BUSINESS CLASS";7455;"2024-09-07";3970.0;0
1523;"ECONOMIC CLASS";7167;"2024-07-22";6238.0;0
1524;"PREMIUM ECONOMY";7261;"2024-10-13";9520.0;0
1525;"ECONOMIC CLASS";7063;"2023-02-24";5051.0;0
1526;"COMFORT+";7301;"2023-11-08";4233.0;0
1527;"BUSINESS CLASS";7328;"2024-06-03";3071.0;0
1528;"COMFORT+";7382;"2024-06-02";2679.0;0
1529;"BUSINESS CLASS";7876;"2024-04-08";3689.0;0
1530;"BUSINESS CLASS";7974;"2023-10-17";7675.0;0
1531;"COMFORT+";7744;"2023-02-16";9429.0;0
1532;"COMFORT+";7614;"2024-12-26";4307.0;0
1533;"PREMIUM ECONOMY";7412;"2024-09-13";346.0;0
1534;"BUSINESS CLASS";7414;"2023-09-30";9782.0;0
1535;"PREMIUM ECONOMY";7508;"2023-08-10";7805.0;0
1536;"ECONOMIC CLASS";7531;"2024-05-01";8186.0;0
1537;"FIRST CLASS";7312;"2024-08-04";8709.0;0
1538;"COMFORT+";7437;"2024-03-13";2142.0;0
1539;"FIRST CLASS";7922;"2023-05-30";298.0;0
1540;"PREMIUM ECONOMY";7742;"2023-11-08";3640.0;0
1541;"ECONOMIC CLASS";7656;"2024-08-10";3674.0;0
1542;"ECONOMIC CLASS";7944;"2024-06-09";3209.0;0
1543;"ECONOMIC CLASS";7406;"2023-05-25";6180.0;0
1544;"BUSINESS CLASS";7595;"2024-07-08";5934.0;0
1545;"COMFORT+";7600;"2023-10-19";1469.0;0
1546;"PREMIUM ECONOMY";7213;"2024-07-10";5824.0;0
1547;"PREMIUM ECONOMY";7131;"2024-06-12";3870.0;0
1548;"COMFORT+";7887;"2024-08-03";7465.0;0
1549;"COMFORT+";7616;"2024-01-24";4641.0;0
1550;"ECONOMIC CLASS";7266;"2023-09-16";586.0;0
1551;"ECONOMIC CLASS";7271;"2024-04-28";4177.0;0
1552;"ECONOMIC CLASS";7042;"2023-11-15";8172.0;0
1553;"ECONOMIC CLASS";7601;"2024-09-16";6211.0;0
1554;"PREMIUM ECONOMY";7874;"2024-07-03";9894.0;0
1555;"FIRST CLASS";7847;"2023-05-21";5546.0;0
1556;"ECONOMIC CLASS";7610;"2023-10-11";9672.0;0
1557;"ECONOMIC CLASS";7513;"2024-02-19";6032.0;0
1558;"ECONOMIC CLASS";7369;"2024-05-17";4460.0;0
1559;"ECONOMIC CLASS";7591;"2023-01-26";7206.0;0
1560;"ECONOMIC CLASS";7577;"2023-05-16";7913.0;0
1561;"FIRST CLASS";7908;"2023-01-27";7444.0;0
1562;"COMFORT+";7979;"2024-01-10";9210.0;0
1563;"BUSINESS CLASS";7766;"2023-03-23";4852.0;0
1564;"ECONOMIC CLASS";7715;"2023-07-01";5345.0;0
1565;"PREMIUM ECONOMY";7573;"2023-12-17";6918.0;0
1566;"COMFORT+";7377;"2024-06-01";6106.0;0
1567;"FIRST CLASS";7052;"2023-11-15";8543.0;0
1568;"BUSINESS CLASS";7516;"2024-08-12";1134.0;0
1569;"ECONOMIC CLASS";7066;"2023-05-31";4060.0;0
1570;"BUSINESS CLASS";7662;"2024-06-15";2967.0;0
1571;"COMFORT+";7076;"2023-05-31";3642.0;0
1572;"FIRST CLASS";7227;"2023-02-08";2096.0;0
1573;"PREMIUM ECONOMY";7231;"2024-08-06";3918.0;0
1574;"ECONOMIC CLASS";7777;"2024-07-20";3337.0;0
1575;"FIRST CLASS";7177;"2023-03-09";2906.0;0
1576;"PREMIUM ECONOMY";7735;"2024-11-12";4199.0;0
1577;"ECONOMIC CLASS";7123;"2024-03-14";6954.0;0
1578;"PREMIUM ECONOMY";7191;"2023-07-20";7745.0;0
1579;"COMFORT+";7885;"2023-07-07";9501.0;0
1580;"BUSINESS CLASS";7931;"2023-12-05";3597.0;0
1581;"BUSINESS CLASS";7618;"2024-03-15";5801.0;0
1582;"FIRST CLASS";7551;"2024-03-21";2461.0;0
1583;"ECONOMIC CLASS";7031;"2024-08-19";7614.0;0
1584;"FIRST CLASS";7232;"2023-08-24";5582.0;0
1585;"BUSINESS CLASS";7363;"2023-07-16";4555.0;0
1586;"BUSINESS CLASS";7667;"2023-10-23";1646.0;0
1587;"BUSINESS CLASS";7257;"2023-09-27";8853.0;0
1588;"ECONOMIC CLASS";7272;"2024-07-27";4775.0;0
1589;"COMFORT+";7354;"2023-10-06";6646.0;0
1590;"COMFORT+";7449;"2024-02-19";406.0;0
1591;"BUSINESS CLASS";7895;"2023-07-03";4232.0;0
1592;"BUSINESS CLASS";7386;"2023-10-19";3654.0;0
1593;"FIRST CLASS";7559;"2023-10-06";7489.0;0
1594;"PREMIUM ECONOMY";7592;"2023-08-05";7504.0;0
1595;"FIRST CLASS";7080;"2023-01-23";6160.0;0
1596;"BUSINESS CLASS";7224;"2024-03-16";5268.0;0
1597;"FIRST CLASS";7326;"2024-05-08";9111.0;0
1598;"ECONOMIC CLASS";7008;"2023-12-17";6488.0;0
1599;"ECONOMIC CLASS";7020;"2024-11-02";8575.0;0
1600;"FIRST CLASS";7539;"2023-09-11";9494.0;0
1601;"BUSINESS CLASS";7770;"2024-01-23";3445.0;0
1602;"FIRST CLASS";7119;"2024-05-01";1214.0;0
1603;"ECONOMIC CLASS";7961;"2023-03-11";4103.0;0
1604;"FIRST CLASS";7849;"2024-03-12";2496.0;0
1605;"PREMIUM ECONOMY";7007;"2023-05-25";4250.0;0
1606;"FIRST CLASS";7088;"2024-10-03";4946.0;0
1607;"BUSINESS CLASS";7947;"2024-06-23";4865.0;0
1608;"ECONOMIC CLASS";7498;"2023-10-06";9710.0;0
1609;"COMFORT+";7568;"2024-10-13";2187.0;0
1610;"FIRST CLASS";7768;"2024-07-23";8594.0;0
1611;"COMFORT+";7059;"2023-11-20";1315.0;0
1612;"BUSINESS CLASS";7021;"2023-04-27";1178.0;0
1613;"ECONOMIC CLASS";7202;"2024-04-20";5788.0;0
1614;"BUSINESS CLASS";7392;"2024-11-19";6317.0;0
1615;"PREMIUM ECONOMY";7146;"2024-07-07";4256.0;0
1616;"COMFORT+";7615;"2024-11-21";2578.0;0
1617;"COMFORT+";7191;"2024-02-10";5025.0;0
1618;"BUSINESS CLASS";7173;"2023-03-06";8185.0;0
1619;"ECONOMIC CLASS";7816;"2024-12-08";4963.0;0
1620;"BUSINESS CLASS";7249;"2023-02-13";6777.0;0
1621;"ECONOMIC CLASS";7155;"2023-01-18";6200.0;0
1622;"PREMIUM ECONOMY";7897;"2024-06-01";1531.0;0
1623;"BUSINESS CLASS";7623;"2024-03-21";2778.0;0
1624;"FIRST CLASS";7314;"2023-10-01";190.0;0
1625;"BUSINESS CLASS";7395;"2023-05-23";7797.0;0
1626;"PREMIUM ECONOMY";7430;"2023-12-21";3854.0;0
1627;"PREMIUM ECONOMY";7903;"2023-09-27";8073.0;0
1628;"PREMIUM ECONOMY";7376;"2023-01-11";7752.0;0
1629;"FIRST CLASS";7946;"2023-07-14";1813.0;0
1630;"PREMIUM ECONOMY";7266;"2024-09-01";7937.0;0
1631;"COMFORT+";7951;"2024-10-13";1583.0;0
1632;"ECONOMIC CLASS";7590;"2024-07-13";6892.0;0
1633;"PREMIUM ECONOMY";7839;"2023-03-03";6901.0;0
1634;"BUSINESS CLASS";7429;"2023-08-12";3148.0;0
1635;"PREMIUM ECONOMY";7964;"2024-11-20";7622.0;0
1636;"FIRST CLASS";7854;"2023-09-22";4851.0;0
1637;"COMFORT+";7022;"2023-09-15";3545.0;0
1638;"FIRST CLASS";7039;"2023-05-16";1620.0;0
1639;"ECONOMIC CLASS";7225;"2024-06-24";7416.0;0
1640;"COMFORT+";7287;"2023-09-11";802.0;0
1641;"FIRST CLASS";7196;"2023-06-29";1838.0;0
1642;"FIRST CLASS";7137;"2024-12-31";8177.0;0
1643;"BUSINESS CLASS";7272;"2024-10-31";3027.0;0
1644;"BUSINESS CLASS";7162;"2023-01-10";761.0;0
1645;"PREMIUM ECONOMY";7821;"2024-12-24";914.0;0
1646;"FIRST CLASS";7701;"2024-11-21";6630.0;0
1647;"FIRST CLASS";7061;"2024-10-17";8659.0;0
1648;"BUSINESS CLASS";7603;"2024-04-24";334.0;0
1649;"BUSINESS CLASS";7055;"2024-07-14";2152.0;0
1650;"COMFORT+";7574;"2024-12-22";7829.0;0
1651;"PREMIUM ECONOMY";7196;"2024-05-23";9089.0;0
1652;"FIRST CLASS";7768;"2023-07-13";5124.0;0
1653;"FIRST CLASS";7359;"2024-12-09";5182.0;0
1654;"ECONOMIC CLASS";7615;"2023-11-23";6950.0;0
1655;"COMFORT+";7325;"2023-11-19";5655.0;0
1656;"PREMIUM ECONOMY";7814;"2024-11-26";4730.0;0
1657;"COMFORT+";7274;"2023-12-10";8501.0;0
1658;"COMFORT+";7280;"2023-12-16";6251.0;0
1659;"ECONOMIC CLASS";7986;"2024-04-19";1019.0;0
1660;"COMFORT+";7618;"2024-01-27";782.0;0
1661;"ECONOMIC CLASS";7573;"2023-10-31";3568.0;0
1662;"COMFORT+";7395;"2024-12-04";1243.0;0
1663;"BUSINESS CLASS";7731;"2023-06-08";8213.0;0
1664;"ECONOMIC CLASS";7431;"2023-09-29";393.0;0
1665;"BUSINESS CLASS";7320;"2024-03-27";3506.0;0
1666;"BUSINESS CLASS";7291;"2023-07-20";6099.0;0
1667;"ECONOMIC CLASS";7248;"2024-05-18";8566.0;0
1668;"COMFORT+";7965;"2024-08-17";5861.0;0
1669;"BUSINESS CLASS";7165;"2024-01-24";8792.0;0
1670;"FIRST CLASS";7324;"2024-09-12";6276.0;0
1671;"ECONOMIC CLASS";7613;"2024-12-11";9529.0;0
1672;"BUSINESS CLASS";7859;"2023-02-04";7961.0;0
1673;"COMFORT+";7350;"2024-12-26";408.0;0
1674;"COMFORT+";7673;"2023-10-28";1563.0;0
1675;"FIRST CLASS";7177;"2024-09-16";895.0;0
1676;"ECONOMIC CLASS";7798;"2023-07-25";8599.0;0
1677;"FIRST CLASS";7210;"2024-08-07";346.0;0
1678;"COMFORT+";7864;"2024-03-16";1543.0;0
1679;"PREMIUM ECONOMY";7477;"2023-07-17";2980.0;0
1680;"ECONOMIC CLASS";7149;"2024-06-28";8350.0;0
1681;"BUSINESS CLASS";7378;"2024-10-11";1026.0;0
1682;"BUSINESS CLASS";7921;"2023-05-03";9653.0;0
1683;"PREMIUM ECONOMY";7058;"2023-11-05";3872.0;0
1684;"PREMIUM ECONOMY";7229;"2023-12-07";5382.0;0
1685;"ECONOMIC CLASS";7912;"2024-02-14";544.0;0
1686;"COMFORT+";7953;"2023-12-30";725.0;0
1687;"FIRST CLASS";7750;"2023-09-01";8466.0;0
1688;"ECONOMIC CLASS";7013;"2024-02-21";334.0;0
1689;"ECONOMIC CLASS";7506;"2024-03-18";1692.0;0
1690;"ECONOMIC CLASS";7180;"2024-05-14";710.0;0
1691;"ECONOMIC CLASS";7842;"2023-08-24";1587.0;0
1692;"COMFORT+";7754;"2024-06-28";5810.0;0
1693;"COMFORT+";7580;"2023-02-07";6996.0;0
1694;"FIRST CLASS";7446;"2024-10-05";5473.0;0
1695;"ECONOMIC CLASS";7389;"2024-11-14";3742.0;0
1696;"COMFORT+";7764;"2024-07-12";9040.0;0
1697;"FIRST CLASS";7969;"2023-06-17";8921.0;0
1698;"COMFORT+";7800;"2024-01-30";7460.0;0
1699;"ECONOMIC CLASS";7313;"2023-04-28";6211.0;0
1700;"PREMIUM ECONOMY";7629;"2024-04-17";4305.0;0
1701;"COMFORT+";7671;"2024-07-28";6186.0;0
1702;"PREMIUM ECONOMY";7814;"2023-11-29";9436.0;0
1703;"BUSINESS CLASS";7875;"2023-05-05";8448.0;0
1704;"COMFORT+";7716;"2023-08-20";4630.0;0
1705;"ECONOMIC CLASS";7478;"2023-03-30";7610.0;0
1706;"PREMIUM ECONOMY";7669;"2023-02-26";2264.0;0
1707;"BUSINESS CLASS";7069;"2024-07-14";6044.0;0
1708;"FIRST CLASS";7790;"2024-11-22";1396.0;0
1709;"ECONOMIC CLASS";7219;"2024-07-29";3523.0;0
1710;"BUSINESS CLASS";7940;"2024-04-25";9718.0;0
1711;"COMFORT+";7315;"2024-08-01";151.0;0
1712;"BUSINESS CLASS";7651;"2023-01-22";477.0;0
1713;"BUSINESS CLASS";7709;"2023-02-25";9697.0;0
1714;"FIRST CLASS";7709;"2024-09-08";2810.0;0
1715;"FIRST CLASS";7210;"2023-02-15";9411.0;0
1716;"BUSINESS CLASS";7875;"2024-12-04";7552.0;0
1717;"PREMIUM ECONOMY";7599;"2024-03-29";9373.0;0
1718;"FIRST CLASS";7050;"2024-10-27";5796.0;0
1719;"PREMIUM ECONOMY";7150;"2023-02-01";7253.0;0
1720;"ECONOMIC CLASS";7096;"2024-07-22";5137.0;0
1721;"ECONOMIC CLASS";7265;"2024-01-18";7985.0;0
1722;"PREMIUM ECONOMY";7564;"2023-08-18";8556.0;0
1723;"BUSINESS CLASS";7977;"2023-02-26";1382.0;0
1724;"PREMIUM ECONOMY";7816;"2023-01-18";2609.0;0
1725;"COMFORT+";7570;"2023-05-03";2563.0;0
1726;"PREMIUM ECONOMY";7567;"2023-07-06";3142.0;0
1727;"BUSINESS CLASS";7788;"2023-01-03";2836.0;0
1728;"FIRST CLASS";7713;"2024-10-11";6183.0;0
1729;"ECONOMIC CLASS";7218;"2023-11-04";9347.0;0
1730;"BUSINESS CLASS";7549;"2023-01-15";150.0;0
1731;"COMFORT+";7410;"2023-07-19";1400.0;0
1732;"PREMIUM ECONOMY";7706;"2023-04-16";4256.0;0
1733;"ECONOMIC CLASS";7872;"2023-01-08";886.0;0
1734;"ECONOMIC CLASS";7154;"2023-05-01";2558.0;0
1735;"BUSINESS CLASS";7669;"2023-12-26";1199.0;0
1736;"COMFORT+";7175;"2023-01-03";5225.0;0
1737;"PREMIUM ECONOMY";7014;"2024-01-06";1644.0;0
1738;"COMFORT+";7946;"2024-07-29";5224.0;0
1739;"ECONOMIC CLASS";7766;"2024-02-27";8299.0;0
1740;"PREMIUM ECONOMY";7908;"2024-06-02";2364.0;0
1741;"BUSINESS CLASS";7492;"2024-11-17";532.0;0
1742;"FIRST CLASS";7180;"2024-09-20";5955.0;0
1743;"BUSINESS CLASS";7043;"2024-05-25";7251.0;0
1744;"ECONOMIC CLASS";7137;"2023-10-28";4818.0;0
1745;"FIRST CLASS";7644;"2024-02-03";9297.0;0
1746;"COMFORT+";7714;"2023-08-02";4193.0;0
1747;"ECONOMIC CLASS";7655;"2024-11-05";6674.0;0
1748;"FIRST CLASS";7667;"2024-04-08";9007.0;0
1749;"COMFORT+";7748;"2024-07-10";1552.0;0
1750;"ECONOMIC CLASS";7996;"2024-09-04";8309.0;0
1751;"BUSINESS CLASS";7251;"2024-12-28";3229.0;0
1752;"COMFORT+";7594;"2024-06-08";9374.0;0
1753;"COMFORT+";7230;"2023-12-19";7906.0;0
1754;"FIRST CLASS";7182;"2024-02-09";7387.0;0
1755;"ECONOMIC CLASS";7051;"2024-02-06";4719.0;0
1756;"PREMIUM ECONOMY";7815;"2024-01-07";6640.0;0
1757;"PREMIUM ECONOMY";7919;"2024-08-30";7713.0;0
1758;"ECONOMIC CLASS";7804;"2023-03-02";7200.0;0
1759;"ECONOMIC CLASS";7731;"2024-05-27";4592.0;0
1760;"BUSINESS CLASS";7060;"2023-12-09";5681.0;0
1761;"COMFORT+";7215;"2023-02-02";7277.0;0
1762;"ECONOMIC CLASS";7423;"2023-06-03";4306.0;0
1763;"ECONOMIC CLASS";7288;"2024-10-12";4652.0;0
1764;"COMFORT+";7910;"2023-02-13";1089.0;0
1765;"BUSINESS CLASS";7057;"2023-08-06";2629.0;0
1766;"COMFORT+";7555;"2024-06-04";6098.0;0
1767;"ECONOMIC CLASS";7834;"2023-05-05";9833.0;0
1768;"PREMIUM ECONOMY";7025;"2023-06-21";3428.0;0
1769;"ECONOMIC CLASS";7578;"2024-04-28";2445.0;0
1770;"FIRST CLASS";7904;"2024-06-03";9666.0;0
1771;"FIRST CLASS";7437;"2023-05-08";7866.0;0
1772;"ECONOMIC CLASS";7523;"2024-04-02";8761.0;0
1773;"PREMIUM ECONOMY";7520;"2024-08-23";7583.0;0
1774;"COMFORT+";7628;"2023-10-03";6900.0;0
1775;"ECONOMIC CLASS";7710;"2023-04-24";6020.0;0
1776;"FIRST CLASS";7527;"2024-10-25";2386.0;0
1777;"COMFORT+";7006;"2024-05-31";4505.0;0
1778;"ECONOMIC CLASS";7208;"2023-12-07";8133.0;0
1779;"FIRST CLASS";7166;"2024-08-31";2301.0;0
1780;"FIRST CLASS";7834;"2023-06-29";5027.0;0
1781;"COMFORT+";7774;"2023-12-02";4545.0;0
1782;"BUSINESS CLASS";7113;"2023-02-08";2323.0;0
1783;"PREMIUM ECONOMY";7401;"2024-11-19";7867.0;0
1784;"COMFORT+";7607;"2024-10-17";8248.0;0
1785;"FIRST CLASS";7911;"2023-02-05";3474.0;0
1786;"FIRST CLASS";7567;"2023-04-02";8709.0;0
1787;"COMFORT+";7497;"2023-05-29";9456.0;0
1788;"COMFORT+";7617;"2024-02-15";423.0;0
1789;"BUSINESS CLASS";7451;"2023-05-30";163.0;0
1790;"BUSINESS CLASS";7980;"2024-09-16";8714.0;0
1791;"BUSINESS CLASS";7918;"2024-11-22";9256.0;0
1792;"FIRST CLASS";7406;"2024-02-04";9652.0;0
1793;"BUSINESS CLASS";7091;"2024-05-19";8039.0;0
1794;"PREMIUM ECONOMY";7140;"2024-12-17";1190.0;0
1795;"COMFORT+";7872;"2023-09-10";1265.0;0
1796;"PREMIUM ECONOMY";7955;"2023-05-11";5271.0;0
1797;"FIRST CLASS";7416;"2024-11-05";8230.0;0
1798;"FIRST CLASS";7584;"2024-02-12";7667.0;0
1799;"COMFORT+";7876;"2023-10-29";8940.0;0
1800;"BUSINESS CLASS";7405;"2023-03-31";1436.0;0
1801;"PREMIUM ECONOMY";7288;"2023-01-17";866.0;0
1802;"PREMIUM ECONOMY";7482;"2024-09-19";3440.0;0
1803;"ECONOMIC CLASS";7299;"2024-04-05";627.0;0
1804;"ECONOMIC CLASS";7663;"2023-02-01";7920.0;0
1805;"ECONOMIC CLASS";7785;"2023-11-16";300.0;0
1806;"ECONOMIC CLASS";7182;"2023-05-03";2000.0;1
1807;"COMFORT+";7558;"2023-03-09";489.0;0
1808;"FIRST CLASS";7498;"2023-01-08";5513.0;0
1809;"FIRST CLASS";7416;"2024-03-06";1886.0;0
1810;"ECONOMIC CLASS";7428;"2024-07-05";9555.0;0
1811;"COMFORT+";7812;"2023-06-03";3990.0;0
1812;"FIRST CLASS";7952;"2024-01-16";4899.0;0
1813;"BUSINESS CLASS";7492;"2024-12-08";1534.0;0
1814;"BUSINESS CLASS";7935;"2023-02-08";4506.0;0
1815;"COMFORT+";7282;"2024-01-08";2328.0;0
1816;"FIRST CLASS";7629;"2023-10-30";9948.0;0
1817;"ECONOMIC CLASS";7549;"2024-05-12";2303.0;0
1818;"FIRST CLASS";7245;"2024-12-27";9203.0;0
1819;"FIRST CLASS";7553;"2024-12-26";4682.0;0
1820;"ECONOMIC CLASS";7858;"2024-05-17";9283.0;0
1821;"FIRST CLASS";7233;"2024-11-05";2052.0;0
1822;"FIRST CLASS";7445;"2024-04-21";2757.0;0
1823;"ECONOMIC CLASS";7526;"2023-03-25";6958.0;0
1824;"PREMIUM ECONOMY";7845;"2024-09-25";9587.0;0
1825;"COMFORT+";7170;"2023-06-13";9950.0;0
1826;"BUSINESS CLASS";7745;"2024-09-13";227.0;0
1827;"FIRST CLASS";7305;"2024-01-06";3971.0;0
1828;"ECONOMIC CLASS";7523;"2024-06-23";1099.0;0
1829;"ECONOMIC CLASS";7615;"2023-12-16";2964.0;0
1830;"FIRST CLASS";7646;"2023-03-13";9318.0;0
1831;"FIRST CLASS";7734;"2023-04-12";3558.0;0
1832;"FIRST CLASS";7929;"2023-11-30";1155.0;0
1833;"COMFORT+";7882;"2024-05-03";6274.0;0
1834;"COMFORT+";7316;"2023-08-26";5350.0;0
1835;"BUSINESS CLASS";7270;"2024-09-02";4967.0;0
1836;"FIRST CLASS";7614;"2024-05-08";4016.0;0
1837;"BUSINESS CLASS";7548;"2023-06-14";5013.0;0
1838;"BUSINESS CLASS";7716;"2023-12-19";1163.0;0
1839;"ECONOMIC CLASS";7342;"2024-01-14";1296.0;0
1840;"PREMIUM ECONOMY";7237;"2023-11-14";6099.0;0
1841;"ECONOMIC CLASS";7738;"2023-01-05";4907.0;0
1842;"ECONOMIC CLASS";7044;"2024-03-13";8973.0;0
1843;"PREMIUM ECONOMY";7496;"2023-11-11";4839.0;0
1844;"COMFORT+";7125;"2024-03-28";5485.0;0
1845;"BUSINESS CLASS";7983;"2023-09-23";7476.0;0
1846;"BUSINESS CLASS";7853;"2024-11-12";9342.0;0
1847;"COMFORT+";7035;"2024-09-17";2673.0;0
1848;"COMFORT+";7357;"2024-07-25";8798.0;0
1849;"FIRST CLASS";7791;"2023-05-21";9576.0;0
1850;"BUSINESS CLASS";7938;"2023-06-20";3125.0;0
1851;"ECONOMIC CLASS";7282;"2023-06-14";5713.0;0
1852;"PREMIUM ECONOMY";7954;"2023-01-07";672.0;0
1853;"BUSINESS CLASS";7237;"2024-08-16";4068.0;0
1854;"ECONOMIC CLASS";7880;"2024-05-13";2059.0;0
1855;"PREMIUM ECONOMY";7332;"2024-04-06";3486.0;0
1856;"ECONOMIC CLASS";7757;"2023-12-05";4323.0;0
1857;"BUSINESS CLASS";7386;"2023-04-25";4268.0;0
1858;"PREMIUM ECONOMY";7224;"2024-12-11";6089.0;0
1859;"COMFORT+";7981;"2023-07-01";527.0;0
1860;"COMFORT+";7005;"2023-02-20";1887.0;0
1861;"BUSINESS CLASS";7111;"2023-07-02";9552.0;0
1862;"ECONOMIC CLASS";7215;"2023-03-15";3473.0;0
1863;"BUSINESS CLASS";7381;"2024-02-17";3889.0;0
1864;"ECONOMIC CLASS";7094;"2024-09-27";604.0;0
1865;"COMFORT+";7945;"2023-01-30";3916.0;0
1866;"COMFORT+";7039;"2023-06-03";7945.0;1
1867;"FIRST CLASS";7585;"2023-03-14";1558.0;0
1868;"BUSINESS CLASS";7735;"2024-01-06";6022.0;0
1869;"ECONOMIC CLASS";7615;"2023-12-15";9047.0;0
1870;"BUSINESS CLASS";7504;"2024-09-15";8893.0;0
1871;"COMFORT+";7552;"2024-04-13";7674.0;0
1872;"COMFORT+";7378;"2024-08-30";5933.0;0
1873;"BUSINESS CLASS";7605;"2023-04-08";1494.0;0
1874;"ECONOMIC CLASS";7911;"2023-08-09";8709.0;0
1875;"BUSINESS CLASS";7801;"2023-10-26";8457.0;0
1876;"ECONOMIC CLASS";7275;"2024-02-11";713.0;0
1877;"PREMIUM ECONOMY";7499;"2023-02-18";1330.0;0
1878;"COMFORT+";7680;"2024-07-22";8219.0;0
1879;"PREMIUM ECONOMY";7412;"2024-07-06";6217.0;0
1880;"BUSINESS CLASS";7683;"2024-10-18";3523.0;0
1881;"PREMIUM ECONOMY";7721;"2024-03-01";8594.0;0
1882;"FIRST CLASS";7195;"2023-02-02";8608.0;0
1883;"BUSINESS CLASS";7993;"2023-02-15";216.0;0
1884;"PREMIUM ECONOMY";7902;"2024-04-27";1591.0;0
1885;"PREMIUM ECONOMY";7887;"2024-01-17";9076.0;0
1886;"FIRST CLASS";7271;"2023-06-25";4643.0;0
1887;"ECONOMIC CLASS";7997;"2023-12-31";1552.0;0
1888;"COMFORT+";7117;"2024-11-26";4768.0;0
1889;"PREMIUM ECONOMY";7176;"2024-07-12";8890.0;0
1890;"FIRST CLASS";7955;"2023-04-15";3832.0;0
1891;"FIRST CLASS";7583;"2023-08-09";1991.0;0
1892;"ECONOMIC CLASS";7789;"2024-09-15";6078.0;0
1893;"FIRST CLASS";7579;"2023-07-04";1305.0;0
1894;"BUSINESS CLASS";7373;"2023-10-29";1668.0;0
1895;"ECONOMIC CLASS";7981;"2024-10-16";3084.0;0
1896;"ECONOMIC CLASS";7916;"2023-07-18";7042.0;0
1897;"FIRST CLASS";7783;"2024-05-21";2704.0;0
1898;"ECONOMIC CLASS";7860;"2024-09-20";2583.0;0
1899;"FIRST CLASS";7734;"2024-06-10";6258.0;0
1900;"PREMIUM ECONOMY";7366;"2024-01-08";3382.0;0
1901;"ECONOMIC CLASS";7586;"2024-10-02";4608.0;0
1902;"ECONOMIC CLASS";7909;"2023-05-16";9854.0;0
1903;"FIRST CLASS";7802;"2023-08-14";8850.0;0
1904;"ECONOMIC CLASS";7203;"2024-09-25";1242.0;0
1905;"BUSINESS CLASS";7595;"2024-09-17";9023.0;0
1906;"ECONOMIC CLASS";7097;"2024-05-08";1819.0;0
1907;"ECONOMIC CLASS";7362;"2024-03-22";9558.0;0
1908;"COMFORT+";7564;"2024-01-21";6166.0;0
1909;"FIRST CLASS";7038;"2023-11-07";6816.0;0
1910;"PREMIUM ECONOMY";7301;"2023-07-17";4033.0;0
1911;"FIRST CLASS";7524;"2024-05-08";8809.0;0
1912;"PREMIUM ECONOMY";7152;"2024-12-14";2169.0;0
1913;"ECONOMIC CLASS";7077;"2024-08-02";929.0;0
1914;"ECONOMIC CLASS";7921;"2023-10-21";4031.0;0
1915;"COMFORT+";7401;"2023-11-04";3280.0;0
1916;"PREMIUM ECONOMY";7988;"2023-02-21";8783.0;0
1917;"COMFORT+";7174;"2023-12-25";6301.0;0
1918;"COMFORT+";7727;"2023-10-07";794.0;0
1919;"ECONOMIC CLASS";7538;"2024-05-31";2503.0;0
1920;"ECONOMIC CLASS";7115;"2024-12-12";1099.0;0
1921;"BUSINESS CLASS";7697;"2024-05-13";680.0;0
1922;"ECONOMIC CLASS";7311;"2023-08-15";4388.0;0
1923;"PREMIUM ECONOMY";7738;"2023-01-14";8563.0;0
1924;"PREMIUM ECONOMY";7101;"2023-10-08";8895.0;0
1925;"BUSINESS CLASS";7006;"2024-11-22";6071.0;0
1926;"BUSINESS CLASS";7779;"2023-04-16";682.0;0
1927;"ECONOMIC CLASS";7858;"2024-01-18";8519.0;0
1928;"FIRST CLASS";7423;"2024-03-20";3186.0;0
1929;"BUSINESS CLASS";7076;"2023-01-10";9436.0;0
1930;"ECONOMIC CLASS";7914;"2024-12-13";7911.0;0
1931;"FIRST CLASS";7297;"2023-07-19";325.0;0
1932;"FIRST CLASS";7540;"2023-03-04";1596.0;0
1933;"ECONOMIC CLASS";7070;"2023-06-29";8727.0;0
1934;"COMFORT+";7972;"2023-03-01";8820.0;0
1935;"FIRST CLASS";7185;"2023-10-04";2712.0;0
1936;"FIRST CLASS";7353;"2024-07-07";8450.0;0
1937;"FIRST CLASS";7032;"2024-06-03";3347.0;0
1938;"COMFORT+";7310;"2024-01-06";539.0;0
1939;"BUSINESS CLASS";7306;"2024-06-23";7961.0;0
1940;"BUSINESS CLASS";7015;"2023-08-29";6820.0;0
1941;"BUSINESS CLASS";7696;"2024-07-22";3326.0;0
1942;"FIRST CLASS";7920;"2023-03-11";6689.0;0
1943;"PREMIUM ECONOMY";7997;"2023-07-17";7547.0;0
1944;"BUSINESS CLASS";7376;"2023-07-21";118.0;0
1945;"PREMIUM ECONOMY";7000;"2024-08-10";9530.0;0
1946;"BUSINESS CLASS";7555;"2024-01-28";228.0;1
1947;"FIRST CLASS";7230;"2024-12-28";2236.0;0
1948;"BUSINESS CLASS";7367;"2024-08-12";8896.0;0
1949;"BUSINESS CLASS";7721;"2024-05-07";6895.0;0
1950;"PREMIUM ECONOMY";7161;"2023-02-05";8603.0;0
1951;"COMFORT+";7524;"2023-02-27";6150.0;0
1952;"ECONOMIC CLASS";7561;"2023-01-03";2738.0;0
1953;"COMFORT+";7702;"2023-06-29";5808.0;0
1954;"BUSINESS CLASS";7547;"2024-02-07";8104.0;0
1955;"BUSINESS CLASS";7445;"2023-03-09";3509.0;0
1956;"COMFORT+";7715;"2024-04-30";5414.0;0
1957;"BUSINESS CLASS";7162;"2024-09-28";7566.0;0
1958;"COMFORT+";7441;"2024-12-27";2390.0;0
1959;"COMFORT+";7062;"2024-06-09";9264.0;0
1960;"PREMIUM ECONOMY";7498;"2023-07-07";6304.0;0
1961;"COMFORT+";7760;"2024-09-21";1486.0;0
1962;"BUSINESS CLASS";7954;"2024-01-13";8707.0;0
1963;"BUSINESS CLASS";7676;"2023-09-06";530.0;0
1964;"COMFORT+";7126;"2024-10-12";485.0;0
1965;"COMFORT+";7769;"2023-06-07";6960.0;0
1966;"FIRST CLASS";7683;"2024-01-15";3435.0;0
1967;"FIRST CLASS";7611;"2023-01-29";3712.0;0
1968;"ECONOMIC CLASS";7308;"2024-02-11";6569.0;0
1969;"COMFORT+";7840;"2024-01-04";3793.0;0
1970;"BUSINESS CLASS";7296;"2024-03-20";1264.0;0
1971;"FIRST CLASS";7074;"2024-03-14";2562.0;0
1972;"COMFORT+";7624;"2024-08-18";3791.0;0
1973;"BUSINESS CLASS";7177;"2024-03-31";5981.0;0
1974;"BUSINESS CLASS";7535;"2024-12-10";5787.0;0
1975;"ECONOMIC CLASS";7553;"2023-01-21";2548.0;1
1976;"FIRST CLASS";7677;"2024-02-10";3815.0;0
1977;"FIRST CLASS";7764;"2024-07-10";2459.0;0
1978;"FIRST CLASS";7387;"2024-12-04";4998.0;0
1979;"FIRST CLASS";7032;"2024-04-09";7601.0;0
1980;"BUSINESS CLASS";7954;"2024-11-04";5081.0;0
1981;"ECONOMIC CLASS";7424;"2023-08-06";6179.0;0
1982;"ECONOMIC CLASS";7937;"2024-09-29";3585.0;0
1983;"FIRST CLASS";7960;"2024-10-18";3983.0;0
1984;"ECONOMIC CLASS";7828;"2024-01-27";9132.0;0
1985;"BUSINESS CLASS";7706;"2023-01-19";5345.0;0
1986;"FIRST CLASS";7958;"2024-07-25";769.0;0
1987;"PREMIUM ECONOMY";7048;"2024-08-08";8257.0;0
1988;"COMFORT+";7277;"2023-09-26";8197.0;0
1989;"PREMIUM ECONOMY";7710;"2024-10-30";5942.0;0
1990;"FIRST CLASS";7022;"2023-05-04";2992.0;0
1991;"ECONOMIC CLASS";7294;"2023-01-12";4829.0;0
1992;"BUSINESS CLASS";7041;"2023-12-31";9307.0;0
1993;"PREMIUM ECONOMY";7979;"2023-11-14";5726.0;0
1994;"BUSINESS CLASS";7854;"2024-10-26";5297.0;0
1995;"FIRST CLASS";7023;"2023-03-04";7693.0;0
1996;"ECONOMIC CLASS";7934;"2023-11-26";9501.0;0
1997;"BUSINESS CLASS";7195;"2023-10-31";4102.0;0
1998;"PREMIUM ECONOMY";7178;"2024-07-12";6823.0;0
1999;"COMFORT+";7059;"2024-04-10";256.0;0
